question,option_a,option_b,option_c,option_d,correct_answer,explanation,category
What is the capital city of Scotland?,Glasgow,Edinburgh,Dundee,Aberdeen,B,Edinburgh has been Scotland's capital since the 15th century.,UK GEOGRAPHY
What is the capital city of Wales?,Swansea,Cardiff,Newport,Wrexham,B,Cardiff was made the capital of Wales in 1955.,UK GEOGRAPHY
What is the capital city of Northern Ireland?,Derry,Belfast,Armagh,Lisburn,B,Belfast became Northern Ireland's capital in 1921.,UK GEOGRAPHY
Which is the largest country in the United Kingdom by land area?,Scotland,Wales,England,Northern Ireland,C,"England is the largest, covering over half of the UK's land area.",UK GEOGRAPHY
Which river flows through London?,Severn,Thames,Avon,Mersey,B,The River Thames runs 346 km through London.,UK GEOGRAPHY
What is the longest river entirely within the United Kingdom?,Thames,Trent,Severn,Great Ouse,C,"The River Severn is 354 km long, the longest in the UK.",UK GEOGRAPHY
What is the highest mountain in the United Kingdom?,Snowdon,Scafell Pike,Ben Nevis,Ben Macdui,C,"Ben Nevis in Scotland stands 1,345 metres tall.",UK GEOGRAPHY
In which UK country is Ben Nevis located?,Wales,Scotland,England,Northern Ireland,B,Ben Nevis sits in the Scottish Highlands.,UK GEOGRAPHY
What is the highest mountain in Wales?,Snowdon,Cadair Idris,Tryfan,Pen y Fan,A,"Snowdon is 1,085 metres high, the tallest in Wales.",UK GEOGRAPHY
What is the largest lake in the United Kingdom by surface area?,Loch Lomond,Windermere,Loch Ness,Lough Neagh,D,Lough Neagh in Northern Ireland is the UK's largest lake.,UK GEOGRAPHY
What is the largest lake in England?,Derwentwater,Windermere,Ullswater,Coniston,B,Windermere in the Lake District is England's largest lake.,UK GEOGRAPHY
Which English county is nicknamed the Garden of England?,Sussex,Kent,Surrey,Hampshire,B,Kent is famous for its orchards and hop gardens.,UK GEOGRAPHY
Which stretch of water separates England from France?,North Sea,Irish Sea,English Channel,Celtic Sea,C,The English Channel links the Atlantic to the North Sea.,UK GEOGRAPHY
Which of these countries is NOT part of the United Kingdom?,Scotland,Wales,Republic of Ireland,Northern Ireland,C,The Republic of Ireland is a separate sovereign state.,UK GEOGRAPHY
Which Scottish island group lies furthest north?,Shetland,Skye,Arran,Islay,A,The Shetland Islands are about 170 km from mainland Scotland.,UK GEOGRAPHY
What is the smallest country in the United Kingdom by area?,Wales,England,Scotland,Northern Ireland,D,Northern Ireland is the smallest of the four UK countries.,UK GEOGRAPHY
The Pennines mountain range is often called the backbone of which country?,Scotland,Wales,England,Northern Ireland,C,The Pennines run down the centre of northern England.,UK GEOGRAPHY
Which city is traditionally regarded as England's second city?,Manchester,Birmingham,Liverpool,Leeds,B,Birmingham is England's second-largest city by population.,UK GEOGRAPHY
What is the smallest county in England?,Rutland,Kent,Dorset,Essex,A,Rutland is England's smallest historic county.,UK GEOGRAPHY
Which sea lies to the east of England?,Irish Sea,North Sea,Celtic Sea,English Channel,B,The North Sea separates the UK from mainland Europe.,UK GEOGRAPHY
Which sea lies between Great Britain and Ireland?,North Sea,Irish Sea,Celtic Sea,Minch,B,The Irish Sea separates Ireland from Great Britain.,UK GEOGRAPHY
What is the longest river in Scotland?,Clyde,Tay,Spey,Dee,B,The River Tay is Scotland's longest at 188 km.,UK GEOGRAPHY
Which UK city is built on the River Mersey?,Leeds,Liverpool,York,Newcastle,B,Liverpool sits on the banks of the River Mersey.,UK GEOGRAPHY
Which UK city is built on the River Clyde?,Edinburgh,Glasgow,Dundee,Inverness,B,Glasgow grew up along the River Clyde.,UK GEOGRAPHY
What is the largest city in Wales?,Swansea,Newport,Cardiff,Wrexham,C,Cardiff is the largest city and capital of Wales.,UK GEOGRAPHY
What is the largest city in Northern Ireland?,Londonderry,Belfast,Newry,Armagh,B,Belfast is Northern Ireland's largest city.,UK GEOGRAPHY
Which mountain range includes Scafell Pike?,Snowdonia,Pennines,Lake District,Yorkshire Dales,C,Scafell Pike is the highest peak in the Lake District.,UK GEOGRAPHY
What is the highest mountain in England?,Helvellyn,Skiddaw,Scafell Pike,Great Gable,C,Scafell Pike in Cumbria is England's highest at 978 metres.,UK GEOGRAPHY
Which body of water is Loch Ness connected to?,River Spey,River Ness,River Tay,River Dee,B,The River Ness flows out of Loch Ness towards Inverness.,UK GEOGRAPHY
Which English city is known as the home of the famous Avon River?,Bristol,Stratford-upon-Avon,Bath,Salisbury,B,Stratford-upon-Avon sits on the River Avon.,UK GEOGRAPHY
Which island is the largest of the Channel Islands?,Alderney,Guernsey,Jersey,Sark,C,Jersey is the largest of the Channel Islands.,UK GEOGRAPHY
Which of these is a Crown Dependency rather than part of the UK?,Isle of Wight,Isle of Man,Isle of Skye,Isle of Lewis,B,The Isle of Man is a self-governing Crown Dependency.,UK GEOGRAPHY
What is the southernmost point of mainland Great Britain?,Land's End,Lizard Point,Dover,Brighton,B,Lizard Point in Cornwall is the southernmost point.,UK GEOGRAPHY
What is the westernmost point of mainland England?,Lizard Point,Land's End,St Ives,Penzance,B,Land's End is England's westernmost mainland point.,UK GEOGRAPHY
Which UK national park is the largest?,Lake District,Snowdonia,Cairngorms,Peak District,C,The Cairngorms in Scotland is the UK's largest national park.,UK GEOGRAPHY
Which region of England is famous for the Lake District?,Yorkshire,Cumbria,Northumberland,Lancashire,B,The Lake District lies almost entirely in Cumbria.,UK GEOGRAPHY
Which city is known as the home of the Premier League football club Manchester United and Manchester City?,Manchester,Birmingham,Leeds,Liverpool,A,Manchester is home to both Manchester United and City.,UK GEOGRAPHY
Which Scottish city is nicknamed the Granite City?,Edinburgh,Glasgow,Aberdeen,Dundee,C,Aberdeen's buildings use local grey granite.,UK GEOGRAPHY
Which Scottish city is nicknamed the Fair City?,Perth,Stirling,Inverness,Dundee,A,Perth is known as the Fair City.,UK GEOGRAPHY
Which English city is nicknamed the Steel City?,Leeds,Sheffield,Newcastle,Bradford,B,Sheffield was famous for steel production.,UK GEOGRAPHY
Which city is nicknamed the Toon?,Newcastle upon Tyne,Sunderland,Gateshead,Durham,A,Newcastle is affectionately called the Toon by locals.,UK GEOGRAPHY
Which river flows through Newcastle?,Wear,Tyne,Tees,Derwent,B,The River Tyne runs through Newcastle upon Tyne.,UK GEOGRAPHY
Which UK city has the most rainy days on average?,London,Manchester,Cardiff,Glasgow,D,Glasgow is generally the wettest major UK city.,UK GEOGRAPHY
Which English county contains Stonehenge?,Somerset,Dorset,Wiltshire,Hampshire,C,Stonehenge stands on Salisbury Plain in Wiltshire.,UK GEOGRAPHY
Which castle is the official residence of the monarch in Edinburgh?,Stirling Castle,Edinburgh Castle,Holyrood Palace,Balmoral Castle,C,The Palace of Holyroodhouse is the King's official residence in Scotland.,UK GEOGRAPHY
Which famous prehistoric site is on Orkney?,Stonehenge,Skara Brae,Avebury,Callanish,B,Skara Brae is a Neolithic village on Orkney.,UK GEOGRAPHY
Which UK city has the oldest university in the English-speaking world?,Cambridge,Oxford,London,Durham,B,Oxford University was founded in the 12th century.,UK GEOGRAPHY
Which is the longest canal in the UK?,Grand Union Canal,Leeds and Liverpool Canal,Kennet and Avon Canal,Caledonian Canal,B,The Leeds and Liverpool Canal is 204 km long.,UK GEOGRAPHY
Which river flows through Cambridge?,Ouse,Cam,Nene,Granta,B,The River Cam flows through Cambridge.,UK GEOGRAPHY
Which city is famous for its York Minster cathedral?,York,Lincoln,Durham,Canterbury,A,York Minster is the largest medieval cathedral in northern Europe.,UK GEOGRAPHY
Which UK city is the largest by population after London?,Manchester,Birmingham,Glasgow,Leeds,B,Birmingham has a population of around 1.1 million.,UK GEOGRAPHY
Which English seaside resort is famous for its pier and Pavilion?,Blackpool,Brighton,Bournemouth,Scarborough,A,Blackpool is famous for its three piers and tower.,UK GEOGRAPHY
Which UK mountain range includes Mount Snowdon?,Brecon Beacons,Snowdonia,Cambrian Mountains,Pembrokeshire Coast,B,Snowdon is the highest peak in Snowdonia.,UK GEOGRAPHY
Which river forms part of the border between England and Scotland?,Tweed,Esk,Tyne,Solway,A,The River Tweed marks part of the Anglo-Scottish border.,UK GEOGRAPHY
Which UK city is built on the River Trent?,Derby,Nottingham,Leicester,Lincoln,B,Nottingham lies on the River Trent.,UK GEOGRAPHY
Which is the largest of the Orkney Islands?,Hoy,South Ronaldsay,Mainland,Rousay,C,Mainland is the largest Orkney island.,UK GEOGRAPHY
Which is the largest of the Shetland Islands?,Yell,Unst,Mainland,Bressay,C,Mainland is the largest Shetland island.,UK GEOGRAPHY
Which English county is known as the home of the Cotswolds?,Gloucestershire,Essex,Norfolk,Sussex,A,The Cotswolds hills span Gloucestershire and Oxfordshire.,UK GEOGRAPHY
Which UK city is known as the home of the Beatles?,Manchester,Liverpool,London,Bristol,B,The Beatles formed in Liverpool.,UK GEOGRAPHY
Which Scottish loch is the most famous for a monster legend?,Loch Lomond,Loch Ness,Loch Awe,Loch Katrine,B,Loch Ness is famous for the legend of Nessie.,UK GEOGRAPHY
Which river runs through the city of Bath?,Avon,Severn,Frome,Thames,A,The River Avon flows through Bath.,UK GEOGRAPHY
Which island group lies off the west coast of Scotland and includes the Isle of Skye?,Inner Hebrides,Outer Hebrides,Shetland,Orkney,A,Skye is the largest of the Inner Hebrides.,UK GEOGRAPHY
Which is the second-largest city in Scotland?,Aberdeen,Dundee,Edinburgh,Glasgow,D,"Glasgow is Scotland's largest city, Edinburgh second.",UK GEOGRAPHY
Which English city is known for its Roman baths?,Bath,York,Chester,Lincoln,A,Bath is famous for its Roman-built thermal baths.,UK GEOGRAPHY
Which UK county is called the home of Robin Hood?,Yorkshire,Nottinghamshire,Derbyshire,Lincolnshire,B,Robin Hood is traditionally linked with Sherwood Forest in Nottinghamshire.,UK GEOGRAPHY
Which is the oldest recorded town in Britain?,London,Colchester,York,St Albans,B,Colchester is Britain's oldest recorded town.,UK GEOGRAPHY
Which Scottish loch is the deepest in the UK?,Loch Ness,Loch Morar,Loch Lomond,Loch Awe,B,"Loch Morar reaches 310 metres, the deepest in the UK.",UK GEOGRAPHY
Which castle is the largest inhabited castle in the world and a royal residence?,Windsor Castle,Edinburgh Castle,Balmoral,Buckingham Palace,A,Windsor Castle is the world's largest occupied castle.,UK GEOGRAPHY
Which river flows through Stratford-upon-Avon?,Severn,Avon,Thames,Dove,B,The River Avon runs through Stratford-upon-Avon.,UK GEOGRAPHY
Which city is home to the Roman walls and a racecourse called Chester?,York,Chester,Lincoln,Durham,B,Chester has Roman walls and a famous racecourse.,UK GEOGRAPHY
Which of these is a university city in the north east of England?,Durham,Bath,Exeter,Norwich,A,Durham is a historic university city in the north east.,UK GEOGRAPHY
Which UK island is known for its White Cliffs?,Isle of Wight,Anglesey,Great Britain,Lindisfarne,A,The Isle of Wight has the famous white chalk cliffs at the Needles.,UK GEOGRAPHY
Which English river is the longest?,Thames,Severn,Great Ouse,Wye,B,The Severn at 354 km is England's longest river.,UK GEOGRAPHY
Which is the largest English city in the county of Yorkshire?,York,Sheffield,Leeds,Bradford,C,Leeds is the largest city in Yorkshire.,UK GEOGRAPHY
Which Scottish city is known for the Edinburgh Fringe Festival?,Glasgow,Edinburgh,Dundee,Inverness,B,The Edinburgh Fringe is the world's largest arts festival.,UK GEOGRAPHY
Which UK national park is the smallest?,South Downs,Peak District,Loch Lomond,Brecon Beacons,A,The South Downs is the smallest national park in the UK.,UK GEOGRAPHY
Which city is the largest in South West England?,Plymouth,Bristol,Exeter,Bath,B,Bristol is the largest city in South West England.,UK GEOGRAPHY
Which river flows through York?,Ouse,Derwent,Swale,Ure,A,The River Ouse flows through York.,UK GEOGRAPHY
Which UK country has the highest percentage of Welsh speakers?,England,Wales,Scotland,Northern Ireland,B,Wales has the highest share of Welsh speakers in the UK.,UK GEOGRAPHY
Which island is the largest in England?,Isle of Wight,Isle of Sheppey,Canvey Island,Isle of Grain,A,The Isle of Wight is England's largest island.,UK GEOGRAPHY
Which is the largest island of the Isles of Scilly?,St Mary's,Tresco,St Martin's,Bryher,A,St Mary's is the largest of the Scilly Isles.,UK GEOGRAPHY
Which English city is known for the university and the Bridge of Sighs?,Oxford,Cambridge,York,Exeter,B,Cambridge has a famous Bridge of Sighs at St John's College.,UK GEOGRAPHY
Which hill in the Lake District is the most climbed in England?,Scafell Pike,Helvellyn,Skiddaw,Catbells,B,Helvellyn is one of England's most climbed peaks.,UK GEOGRAPHY
Which UK city is famous for its Clifton Suspension Bridge?,Bath,Bristol,Exeter,Gloucester,B,Bristol's Clifton Suspension Bridge was designed by Isambard Kingdom Brunel.,UK GEOGRAPHY
Which river forms the boundary between England and Wales in the south?,Dee,Wye,Severn,Usk,C,The River Severn marks part of the England-Wales border.,UK GEOGRAPHY
Which is the highest village in the UK?,Flash,Leadgate,Hathersage,Glossop,A,Flash in Staffordshire is the highest village in the UK.,UK GEOGRAPHY
Which Scottish island is known as the birthplace of whisky and is home to many distilleries?,Arran,Islay,Skye,Mull,B,Islay is world-famous for its peaty single malts.,UK GEOGRAPHY
Which UK city is built around the River Ouse and was once the Viking capital of England?,London,York,Norwich,Lincoln,B,York was the Viking capital of England.,UK GEOGRAPHY
Which English county is the most populous?,Greater London,Kent,Essex,Hampshire,A,Greater London is the most populous county in England.,UK GEOGRAPHY
What is the famous landmark at the west end of the Thames Estuary near London?,The Shard,Big Ben,The O2,Tower Bridge,C,The O2 (formerly the Millennium Dome) sits on the Thames at Greenwich.,LONDON
Which London bridge was famously sold to an American in 1968?,Tower Bridge,London Bridge,Westminster Bridge,Waterloo Bridge,B,London Bridge was sold and rebuilt in Arizona.,LONDON
What is the name of the big wheel on the South Bank of the Thames in London?,The Shard,Big Ben,London Eye,The O2,C,The London Eye is a giant Ferris wheel opened in 2000.,LONDON
Which royal palace is the official London residence of the monarch?,Buckingham Palace,Kensington Palace,Hampton Court Palace,St James's Palace,A,Buckingham Palace is the King's official London residence.,LONDON
What is the nickname of the clock tower of the Palace of Westminster?,Big Ben,Elizabeth Tower,The Shard,Gherkin,A,"Big Ben actually refers to the great bell, but the tower is nicknamed Big Ben.",LONDON
Which London market is famous for antiques and is in Notting Hill?,Borough Market,Portobello Road Market,Camden Market,Billingsgate,B,Portobello Road Market is known for antiques.,LONDON
Which London park is the largest Royal Park?,Hyde Park,Regent's Park,Richmond Park,Green Park,C,Richmond Park is the largest Royal Park in London.,LONDON
Which London station is the terminus for the Eurostar?,St Pancras International,King's Cross,Paddington,Euston,A,Eurostar services run from St Pancras International.,LONDON
Which famous London museum houses the Rosetta Stone?,Natural History Museum,British Museum,Science Museum,Victoria and Albert Museum,B,The Rosetta Stone is in the British Museum.,LONDON
Which London theatre district is famous for musicals?,Soho,West End,Covent Garden,Strand,B,London's West End is famous for its theatres.,LONDON
Which river flows through the centre of London?,Thames,Lea,Wandle,Brent,A,The River Thames flows through central London.,LONDON
Which London square is home to Nelson's Column?,Leicester Square,Trafalgar Square,Piccadilly Circus,Berkeley Square,B,Trafalgar Square has Nelson's Column at its centre.,LONDON
Which London museum is famous for its dinosaur skeletons?,Natural History Museum,Science Museum,British Museum,Tate Britain,A,The Natural History Museum is famous for its dinosaur gallery.,LONDON
Which London skyscraper is nicknamed the Gherkin?,The Shard,30 St Mary Axe,The Cheesegrater,The Walkie Talkie,B,30 St Mary Axe is nicknamed the Gherkin for its shape.,LONDON
Which London art gallery is on Trafalgar Square?,Tate Modern,National Gallery,Tate Britain,Royal Academy,B,The National Gallery stands on the north side of Trafalgar Square.,LONDON
Which London park is famous for Speakers' Corner?,Hyde Park,Regent's Park,St James's Park,Battersea Park,A,Speakers' Corner is in the north-east corner of Hyde Park.,LONDON
Which London palace is home to the famous maze?,Kensington Palace,Hampton Court Palace,Buckingham Palace,Greenwich Palace,B,Hampton Court Palace has a famous hedge maze.,LONDON
Which London football stadium is home to Arsenal?,Stamford Bridge,Emirates Stadium,Tottenham Hotspur Stadium,Wembley,B,Arsenal play at the Emirates Stadium in Holloway.,LONDON
Which London football stadium is home to Chelsea?,Emirates Stadium,Stamford Bridge,White Hart Lane,Craven Cottage,B,Chelsea play at Stamford Bridge in Fulham.,LONDON
Which London station is famous for the fictional Platform 9 and 3/4?,St Pancras,King's Cross,Paddington,Victoria,B,King's Cross station has the famous Harry Potter Platform 9 3/4.,LONDON
Which London market sits on the South Bank near London Bridge?,Camden Market,Borough Market,Portobello Market,Brick Lane Market,B,Borough Market is a famous food market near London Bridge.,LONDON
Which London district is famous for its financial district skyscrapers?,Canary Wharf,Soho,Camden,Greenwich,A,Canary Wharf is London's main financial district.,LONDON
Which London cathedral has a famous dome designed by Christopher Wren?,Westminster Abbey,St Paul's Cathedral,Southwark Cathedral,Westminster Cathedral,B,St Paul's Cathedral has Wren's iconic dome.,LONDON
Which London abbey is the traditional coronation church?,St Paul's Cathedral,Westminster Abbey,Southwark Cathedral,Westminster Cathedral,B,Westminster Abbey is the coronation church.,LONDON
Which London palace is the official residence of the Prime Minister?,10 Downing Street,Buckingham Palace,Westminster Palace,Lancaster House,A,The Prime Minister lives at 10 Downing Street.,LONDON
Which London area is famous for the Brick Lane curry houses?,Soho,Shoreditch,Camden,Chelsea,B,Brick Lane in Shoreditch is famous for its curry houses.,LONDON
Which London park is the smallest of the Royal Parks?,Green Park,St James's Park,Hyde Park,Regent's Park,B,St James's Park is the smallest Royal Park in London.,LONDON
Which London museum is dedicated to modern art and is housed in a former power station?,Tate Britain,Tate Modern,National Portrait Gallery,Saatchi Gallery,B,Tate Modern is in the former Bankside Power Station.,LONDON
Which London venue hosted the 2012 Olympic Games?,Wembley Stadium,Stratford Olympic Park,The O2,Twickenham,B,The 2012 Olympics were centred on the Stratford Olympic Park.,LONDON
Which London station is the terminus of the line to Paris via the Eurostar?,St Pancras,King's Cross,London Bridge,Waterloo,A,Eurostar departs from St Pancras International.,LONDON
Which London district is famous for the Notting Hill Carnival?,Notting Hill,Camden,Brixton,Shoreditch,A,The Notting Hill Carnival is Europe's biggest street festival.,LONDON
Which London building is the tallest in the UK?,The Gherkin,The Shard,One Canada Square,The Cheesegrater,B,"The Shard, at 310 metres, is the tallest building in the UK.",LONDON
Which London zoo is the oldest scientific zoo in the world?,London Zoo,Chessington Zoo,Whipsnade Zoo,Battersea Zoo,A,London Zoo opened in 1828.,LONDON
Which London market is known for the Electric Ballroom and alternative fashion?,Borough Market,Camden Market,Spitalfields,Columbia Road,B,Camden Market is famous for alternative fashion and music.,LONDON
Which London royal residence was the home of Princess Diana?,Buckingham Palace,Kensington Palace,Clarence House,Windsor Castle,B,Kensington Palace was Princess Diana's London home.,LONDON
Which London bridge crosses the Thames and opens for tall ships?,Westminster Bridge,Tower Bridge,London Bridge,Millennium Bridge,B,Tower Bridge is a bascule bridge that opens for tall ships.,LONDON
Which London museum is housed in the former Bethlem Royal Hospital?,Imperial War Museum,Wellcome Collection,Horniman Museum,The National Army Museum,A,The Imperial War Museum is at the site of the old Bethlem Hospital.,LONDON
Which London area is known for the Harrods department store?,Knightsbridge,Mayfair,Soho,Covent Garden,A,Harrods is in Knightsbridge.,LONDON
Which London street is famous for the studios of record labels in the 1960s?,Abbey Road,Oxford Street,Baker Street,Carnaby Street,A,Abbey Road Studios are on Abbey Road.,LONDON
Which London crossing of the Thames is a pedestrian-only suspension bridge from 2000?,Millennium Bridge,Tower Bridge,Blackfriars Bridge,Waterloo Bridge,A,The Millennium Bridge is a pedestrian bridge.,LONDON
Which London park is home to the Serpentine lake?,Regent's Park,Hyde Park,Green Park,Richmond Park,B,The Serpentine is a lake in Hyde Park.,LONDON
Which London square is home to the headquarters of the Royal Shakespeare Company?,Soho Square,Stratford,Covent Garden,Piccadilly Circus,B,The RSC has a home at the Theatre Royal Stratford East.,LONDON
Which London market is the oldest fruit and vegetable market in the city?,Borough Market,Covent Garden,Billingsgate,Smithfield,D,Smithfield is London's oldest meat market.,LONDON
Which London building is the official residence of the Archbishop of Canterbury in the city?,Lambeth Palace,Westminster Abbey,St Paul's Cathedral,Canterbury Cathedral,A,Lambeth Palace is the Archbishop's London residence.,LONDON
Which London station is the busiest in the UK?,King's Cross,London Waterloo,Victoria,Liverpool Street,B,London Waterloo is historically the busiest UK station.,LONDON
Which London museum is famous for the blue whale skeleton?,Natural History Museum,Science Museum,British Museum,Tate Modern,A,The Natural History Museum has a famous blue whale skeleton.,LONDON
Which London suburb is home to the Queen's coronation ceremony venue?,Westminster,Greenwich,Richmond,Camden,A,"Westminster Abbey, the coronation venue, is in Westminster.",LONDON
Which London district is known as the home of the BBC's Broadcasting House?,Portland Place,Fitzrovia,Soho,Covent Garden,A,Broadcasting House is on Portland Place in Fitzrovia.,LONDON
Which London park is famous for the London Zoo entrance and boating lake?,Hyde Park,Regent's Park,St James's Park,Greenwich Park,B,Regent's Park contains London Zoo.,LONDON
Which London attraction is the world's oldest underground railway?,The Tube,The Overground,The Docklands Light Railway,The Elizabeth Line,A,The London Underground opened in 1863.,LONDON
Which London district is famous for the Sherlock Holmes Museum at 221b?,Baker Street,Oxford Street,Regent Street,Fleet Street,A,The Sherlock Holmes Museum is at 221b Baker Street.,LONDON
Which London bridge offers views of St Paul's and is nicknamed the Wobbly Bridge?,Millennium Bridge,Tower Bridge,Lambeth Bridge,Hungerford Bridge,A,The Millennium Bridge is nicknamed the Wobbly Bridge.,LONDON
Which London venue is home to the Wimbledon tennis championships?,The O2,All England Club,Lord's,Twickenham,B,Wimbledon is played at the All England Club.,LONDON
Which London area is famous for the Abbey Road zebra crossing?,St John's Wood,Camden,Maida Vale,Swiss Cottage,A,Abbey Road is in St John's Wood.,LONDON
Which London river crossing is the oldest of the current Thames bridges?,London Bridge,Westminster Bridge,Waterloo Bridge,Tower Bridge,A,London Bridge has stood in some form since Roman times.,LONDON
Which London park hosts the annual Winter Wonderland?,Hyde Park,Regent's Park,Victoria Park,Battersea Park,A,Winter Wonderland is held in Hyde Park each winter.,LONDON
Which London district is the home of the famous Camden Market and music venues?,Soho,Camden,Greenwich,Kensington,B,Camden is known for its market and live music.,LONDON
Which London building is the seat of the UK Parliament?,Buckingham Palace,Palace of Westminster,St Paul's Cathedral,Tower of London,B,The Palace of Westminster houses Parliament.,LONDON
Which London fortress was used as a prison and is home to the Crown Jewels?,Tower of London,Windsor Castle,Buckingham Palace,Hampton Court,A,The Tower of London guards the Crown Jewels.,LONDON
Which London district is famous for its theatreland around Leicester Square?,West End,City of London,Docklands,Brixton,A,The West End is London's theatre district.,LONDON
Which London park is home to the 2012 Olympic Stadium?,Greenwich Park,Queen Elizabeth Olympic Park,Hyde Park,Victoria Park,B,The Olympic Stadium sits in Queen Elizabeth Olympic Park.,LONDON
Which London royal park contains the Diana memorial fountain?,Hyde Park,Kensington Gardens,Green Park,Bushy Park,B,The Diana Memorial Fountain is in Kensington Gardens.,LONDON
Which London venue is the home of English rugby?,Wembley,Twickenham,Lord's,The Oval,B,Twickenham is the home of English rugby.,LONDON
Which London venue is known as the home of cricket?,The Oval,Lord's,Twickenham,Wembley,B,Lord's is the home of cricket.,LONDON
Which London district is famous for the Portobello Road Market?,Notting Hill,Camden,Islington,Fulham,A,Portobello Road Market is in Notting Hill.,LONDON
Which London theatre hosts the annual Royal Variety Performance?,Theatre Royal Drury Lane,Royal Albert Hall,Palladium,National Theatre,C,The London Palladium often hosts the Royal Variety Performance.,LONDON
Which London station is the terminus for the Heathrow Express?,Paddington,King's Cross,Victoria,Euston,A,The Heathrow Express runs from Paddington.,LONDON
Which London area is home to the famous Brick Lane?,Shoreditch,Soho,Chelsea,Mayfair,A,Brick Lane is in Shoreditch.,LONDON
Which London park is the oldest royal deer park?,Richmond Park,Hyde Park,St James's Park,Battersea Park,A,Richmond Park has been a royal deer park since the 17th century.,LONDON
Which London museum displays the Elgin Marbles?,British Museum,Victoria and Albert Museum,National Gallery,Science Museum,A,The Elgin Marbles are in the British Museum.,LONDON
Which London street is famous for its department stores and Christmas lights?,Oxford Street,Baker Street,Abbey Road,Fleet Street,A,Oxford Street is famous for its shops and lights.,LONDON
Which London venue is a circular concert hall opened in 1871?,Royal Albert Hall,Royal Festival Hall,O2 Arena,Wembley Arena,A,The Royal Albert Hall opened in 1871.,LONDON
Which London square has the famous Eros statue?,Trafalgar Square,Piccadilly Circus,Leicester Square,Soho Square,B,The statue of Eros stands in Piccadilly Circus.,LONDON
Which London market is famous for flowers on Sundays?,Columbia Road Flower Market,Portobello Road,Camden Market,Spitalfields,A,Columbia Road is famous for its Sunday flower market.,LONDON
Which London palace was the home of Henry VIII and is on the river west of the city?,Hampton Court Palace,Kensington Palace,Buckingham Palace,St James's Palace,A,Hampton Court Palace was Henry VIII's residence.,LONDON
Which London underground line is the oldest?,Metropolitan Line,Circle Line,District Line,Central Line,A,"The Metropolitan Line opened in 1863, the oldest in the world.",LONDON
Which London museum is the national museum of design and decorative arts?,Victoria and Albert Museum,Science Museum,Natural History Museum,British Museum,A,The V&A is the world's largest museum of decorative arts.,LONDON
Which London area is the financial heart known as the Square Mile?,City of London,Canary Wharf,West End,Docklands,A,The City of London is known as the Square Mile.,LONDON
Which London bridge is painted blue and white and carries the Queen's Jubilee?,Tower Bridge,Waterloo Bridge,Westminster Bridge,London Bridge,A,Tower Bridge is painted blue and white.,LONDON
Which London park is the venue for the annual Frieze art fair?,Regent's Park,Hyde Park,Greenwich Park,Richmond Park,A,Frieze London takes place in Regent's Park.,LONDON
Which London suburb is famous for the All England Lawn Tennis Club?,Wimbledon,Wembley,Twickenham,Lord's,A,Wimbledon is home to the All England Club.,LONDON
Which London museum is located at the South Kensington complex with the Natural History Museum?,Science Museum,British Museum,Tate Modern,National Gallery,A,The Science Museum is in South Kensington.,LONDON
Which London venue is the home of the BBC Proms?,Royal Albert Hall,Barbican,Southbank Centre,Wembley,A,The Proms finale is held at the Royal Albert Hall.,LONDON
Which London street runs from Trafalgar Square to the Bank of England?,The Strand,Fleet Street,Oxford Street,Regent Street,B,Fleet Street runs from the Strand towards the City.,LONDON
Which London square is known for its lions and fountains?,Trafalgar Square,Leicester Square,Piccadilly Circus,Berkeley Square,A,Trafalgar Square is famous for its bronze lions.,LONDON
Which London park is home to the Serpentine Galleries?,Kensington Gardens,Green Park,Battersea Park,Hampstead Heath,A,The Serpentine Galleries are in Kensington Gardens.,LONDON
Which London district is known for the Gherkin and other City skyscrapers?,The City of London,Westminster,Soho,Camden,A,The Gherkin stands in the City of London.,LONDON
Which London terminus is famous for the 2012 Olympic transport hub?,Stratford,King's Cross,Victoria,Paddington,A,Stratford station serves the Olympic Park.,LONDON
Which London palace is the official residence of the Prince of Wales at Clarence House?,Clarence House,Buckingham Palace,Kensington Palace,Hampton Court,A,Clarence House is the London home of the Prince of Wales.,LONDON
Which London venue is the home of the Royal Opera?,Royal Opera House,Royal Albert Hall,The Coliseum,Theatre Royal,A,The Royal Opera House is in Covent Garden.,LONDON
Which London bridge is the only one with two levels?,Tower Bridge,London Bridge,Westminster Bridge,Waterloo Bridge,A,Tower Bridge has an upper walkway and a lower roadway.,LONDON
Which London park is the largest of the Royal Parks?,Hyde Park,Richmond Park,Bushy Park,Greenwich Park,B,Richmond Park is the largest Royal Park in London.,LONDON
Which London museum is known for its collections of clocks and instruments?,Science Museum,National Maritime Museum,British Museum,V&A,A,The Science Museum has famous clock and instrument galleries.,LONDON
Which London area is famous for the fashion district and Carnaby Street?,Soho,Camden,Chelsea,Mayfair,A,Carnaby Street is in Soho.,LONDON
Which London station is the terminus for the Bakerloo and Jubilee lines?,Baker Street,Piccadilly Circus,Waterloo,Green Park,C,Waterloo is served by the Bakerloo and Jubilee lines.,LONDON
Which London landmark is located on the banks of the Thames at Westminster and chimes every quarter hour?,Big Ben,London Eye,The Shard,Tower Bridge,A,Big Ben's clock chimes every quarter hour.,LONDON
Which London park is home to the Boating Lake and the Chinese Pagoda?,Battersea Park,Hyde Park,Regent's Park,Victoria Park,A,Battersea Park has a boating lake and a Chinese pagoda.,LONDON
Which London museum is the national museum of photography and is on South Bank?,Photographer's Gallery,Tate Modern,National Portrait Gallery,Science Museum,A,The Photographer's Gallery is London's photography museum.,LONDON
Which London district is the traditional home of the UK's newspaper press?,Fleet Street,Oxford Street,Baker Street,Regent Street,A,Fleet Street was the home of the national press.,LONDON
Which London venue is the national theatre of the UK?,Royal National Theatre,Royal Opera House,Barbican,Old Vic,A,The Royal National Theatre is on the South Bank.,LONDON
Which London park hosts the annual Great British Bake Off live experience?,Hampton Court,Kew Gardens,Hyde Park,Greenwich Park,C,Hyde Park hosts many annual food events.,LONDON
Which London garden is a UNESCO World Heritage Site and botanical garden?,Kew Gardens,Hampton Court Gardens,Kensington Gardens,Battersea Park,A,Kew Gardens is a UNESCO World Heritage Site.,LONDON
Which London area is home to the famous Portobello Road antiques?,Notting Hill,Fulham,Hammersmith,Ealing,A,Portobello Road is in Notting Hill.,LONDON
Which London bridge carries the A4 into the city from the west?,Hammersmith Bridge,Kew Bridge,Chiswick Bridge,Putney Bridge,A,Hammersmith Bridge carries traffic into the city.,LONDON
Which London terminus is the main station for the Victoria line and the Gatwick Express?,Victoria,King's Cross,St Pancras,Marylebone,A,Victoria is the terminus for the Gatwick Express.,LONDON
Which London district is famous for its curry houses on Brick Lane?,Shoreditch,Soho,Camden,Ealing,A,Brick Lane in Shoreditch is famous for curry.,LONDON
Which London park is the home of the Serpentine and the RHS Chelsea Flower Show is nearby?,Hyde Park,Regent's Park,Green Park,St James's Park,A,The Chelsea Flower Show is held in the grounds of the Royal Hospital Chelsea near Hyde Park.,LONDON
Which London landmark is a former power station that is now a concert venue?,Battersea Power Station,Tate Modern,The O2,The Shard,A,Battersea Power Station is now a shopping and concert venue.,LONDON
Which London station is the terminus for the Hammersmith and City line?,Hammersmith,Paddington,King's Cross,Liverpool Street,A,Hammersmith is the western terminus of the Hammersmith and City line.,LONDON
Which London museum is famous for the dinosaur gallery and the Earth Hall?,Natural History Museum,Science Museum,British Museum,Tate Modern,A,The Natural History Museum has a famous Earth Hall.,LONDON
Which London district is known for the Emirates Stadium?,Holloway,Stamford Hill,Finsbury Park,Highbury,A,The Emirates Stadium is in Holloway.,LONDON
Which London venue hosts the annual BBC Proms concerts?,Royal Albert Hall,Royal Festival Hall,Barbican,Wembley Arena,A,The Royal Albert Hall hosts the Proms.,LONDON
Which London park is the home of the Diana Memorial and the Serpentine?,Hyde Park,Green Park,Battersea Park,Victoria Park,A,Hyde Park and Kensington Gardens contain the Serpentine.,LONDON
Which London bridge is famous for being the starting point of the Oxford and Cambridge Boat Race?,Putney Bridge,Hammersmith Bridge,Barnes Bridge,Mortlake,A,The Boat Race starts at Putney Bridge.,LONDON
Which London district is home to the Royal Observatory and the Prime Meridian?,Greenwich,Richmond,Kew,Wimbledon,A,The Prime Meridian passes through Greenwich.,LONDON
Which London market is the oldest flower market in the city?,Columbia Road,Borough Market,Smithfield,Billingsgate,A,Columbia Road Flower Market dates from 1869.,LONDON
Which London venue is the home of the National Gallery?,Trafalgar Square,Leicester Square,Piccadilly Circus,Covent Garden,A,The National Gallery fronts Trafalgar Square.,LONDON
Which London station is the terminus for the Piccadilly line to Heathrow?,Piccadilly Circus,King's Cross,Green Park,Leicester Square,A,Piccadilly Circus is on the line to Heathrow.,LONDON
Which London district is famous for the street market and the Tower of London?,Tower Hill,Fenchurch Street,Aldgate,Bank,A,Tower Hill is near the Tower of London.,LONDON
Which London park is the venue for the annual Wireless Festival?,Finsbury Park,Hyde Park,Victoria Park,Brockwell Park,A,Wireless Festival is held in Finsbury Park.,LONDON
Which London museum is the national museum of war and conflict?,Imperial War Museum,National Army Museum,Royal Air Force Museum,HMS Belfast,A,The Imperial War Museum covers all conflicts.,LONDON
Which London venue is the home of the Royal Ballet?,Royal Opera House,Royal Albert Hall,Sadler's Wells,London Coliseum,A,The Royal Ballet performs at the Royal Opera House.,LONDON
Which London district is famous for the Abbey Road Studios?,St John's Wood,Camden Town,Maida Vale,Kilburn,A,Abbey Road Studios are in St John's Wood.,LONDON
Which London landmark is a 310-metre glass skyscraper near London Bridge Station?,The Shard,The Gherkin,The Cheesegrater,The Walkie Talkie,A,The Shard is near London Bridge Station.,LONDON
Which London park is the venue for the London Marathon finish?,The Mall,Green Park,St James's Park,Hyde Park,A,The London Marathon finishes on The Mall.,LONDON
Which London bridge is the southern entrance to the City of London?,London Bridge,Tower Bridge,Millennium Bridge,Southwark Bridge,A,London Bridge connects the City to Southwark.,LONDON
Which London terminus is the main station for the Great Western main line?,Paddington,Marylebone,Euston,King's Cross,A,Paddington is the terminus of the Great Western line.,LONDON
Which London venue is the home of the National Portrait Gallery?,Trafalgar Square,Leicester Square,St Martin's Place,Covent Garden,C,The National Portrait Gallery is on St Martin's Place.,LONDON
Which London park is the home of the Serpentine Lido and the Italian Gardens?,Kensington Gardens,Green Park,Regent's Park,Battersea Park,C,The Italian Gardens are in Regent's Park.,LONDON
Which London area is the financial district around Canary Wharf?,Docklands,City of London,West End,Soho,A,Canary Wharf is in the Docklands.,LONDON
Which London museum is the national museum of natural history and science?,Natural History Museum,Science Museum,British Museum,V&A,A,The Natural History Museum is on Exhibition Road.,LONDON
Which London bridge was the first to cross the Thames downstream of London Bridge?,Tower Bridge,Millennium Bridge,Southwark Bridge,Blackfriars Bridge,A,Tower Bridge opened in 1894 as the easternmost crossing.,LONDON
Which London station is the terminus for the Bakerloo line?,Harrow & Wealdstone,Elephant & Castle,Waterloo,Queen's Park,A,The Bakerloo line terminates at Harrow & Wealdstone.,LONDON
Which London district is famous for the Old Spitalfields Market?,Spitalfields,Soho,Camden,Shoreditch,A,Old Spitalfields Market is in Spitalfields.,LONDON
Which London park is the venue for the annual Greenwich and Docklands Festival?,Greenwich Park,Victoria Park,Battersea Park,Hampstead Heath,A,Greenwich Park hosts the festival.,LONDON
Which London venue is the home of the London Symphony Orchestra?,Barbican Centre,Royal Albert Hall,Royal Festival Hall,Southbank Centre,A,The LSO is based at the Barbican.,LONDON
Which London district is home to the O2 Arena?,Greenwich,Canary Wharf,Lewisham,Woolwich,A,The O2 Arena is on the Greenwich Peninsula.,LONDON
Which London park is the home of the boating lake and the Chinese pagoda at Battersea?,Battersea Park,Brockwell Park,Clapham Common,Wandsworth Park,A,Battersea Park has a Chinese pagoda.,LONDON
Which London station is the terminus for the Central line?,Epping,West Ruislip,Ealing Broadway,Stratford,A,The Central line's eastern terminus is Epping.,LONDON
Which London district is famous for the Savile Row tailors?,Mayfair,Soho,Chelsea,Kensington,A,Savile Row in Mayfair is famous for tailoring.,LONDON
Which London venue is the home of the English National Opera?,London Coliseum,Royal Opera House,Sadler's Wells,Theatre Royal,A,The ENO performs at the London Coliseum.,LONDON
Which London park is the venue for the annual Winter Wonderland?,Hyde Park,Regent's Park,Battersea Park,Victoria Park,A,Winter Wonderland is in Hyde Park.,LONDON
Which London bridge is the most decorated and painted red?,Tower Bridge,Hammersmith Bridge,Putney Bridge,Albert Bridge,A,"Tower Bridge is painted blue and white, not red.",LONDON
Which London district is home to the famous Portobello Road?,Notting Hill,Westbourne Park,Ladbroke Grove,Kensington,A,Portobello Road runs through Notting Hill.,LONDON
Which London terminus is the main station for the Midland main line?,St Pancras,Euston,King's Cross,Paddington,A,St Pancras is the terminus of the Midland main line.,LONDON
Which London park is the home of the Serpentine Gallery and the Albert Memorial?,Kensington Gardens,Green Park,Regent's Park,St James's Park,A,The Albert Memorial is in Kensington Gardens.,LONDON
Which London district is famous for the Covent Garden Market?,Covent Garden,Soho,Strand,Holborn,A,Covent Garden Market is in Covent Garden.,LONDON
Which London venue is the home of the UK's national cinema?,BFI Southbank,Odeon Leicester Square,Vue West End,Curzon Mayfair,A,BFI Southbank is the national film theatre.,LONDON
Which London station is the terminus for the Northern line?,Edgware,Morden,High Barnet,Mill Hill East,B,The Northern line's southern terminus is Morden.,LONDON
Which London area is the home of the famous street performers in Covent Garden?,Covent Garden,Soho,Leicester Square,Trafalgar Square,A,Covent Garden is famous for street performers.,LONDON
Which London park is the venue for the annual Summer Series concerts?,Hyde Park,Regent's Park,Finsbury Park,Victoria Park,A,Hyde Park hosts the Summer Series.,LONDON
Which London bridge is the only bridge over the Thames with a pub on it?,Putney Bridge,Hammersmith Bridge,Richmond Bridge,Kew Bridge,C,Richmond Bridge is the oldest surviving Thames bridge in London.,LONDON
Which London district is home to the famous street called Oxford Street?,West End,Mayfair,Soho,Marylebone,A,Oxford Street runs through the West End.,LONDON
Which London venue is the home of the London Philharmonic Orchestra?,Royal Festival Hall,Royal Albert Hall,Barbican,Southbank Centre,A,The LPO is based at the Royal Festival Hall.,LONDON
Which London park is the largest of the royal parks and has deer?,Richmond Park,Hyde Park,Bushy Park,Greenwich Park,A,Richmond Park has free-roaming deer.,LONDON
Which London district is famous for the Southbank Centre?,South Bank,Westminster,Camden,Kensington,A,The Southbank Centre is on the South Bank.,LONDON
Which London station is the terminus for the Jubilee line?,Stratford,Stanmore,Green Park,London Bridge,A,The Jubilee line's eastern terminus is Stratford.,LONDON
Which London area is home to the famous Harrods and Harvey Nichols stores?,Knightsbridge,Mayfair,Soho,Chelsea,A,Knightsbridge is home to Harrods.,LONDON
Which London park is the venue for the annual Festival of Light?,Kew Gardens,Hyde Park,Regent's Park,Battersea Park,A,Kew Gardens hosts the Festival of Light.,LONDON
Which London bridge is the oldest of the crossings over the Thames?,London Bridge,Tower Bridge,Southwark Bridge,Millennium Bridge,A,London Bridge is the oldest crossing site.,LONDON
Which London district is famous for the Brick Lane and the Truman Brewery?,Shoreditch,Soho,Camden,Chelsea,A,The Truman Brewery is on Brick Lane in Shoreditch.,LONDON
Which London venue is the home of the Museum of London?,Barbican,London Wall,St Paul's,Smithfield,B,The Museum of London is on London Wall.,LONDON
Which London station is the terminus for the Circle line?,Hammersmith,Edgware Road,Aldgate,Tower Hill,B,The Circle line loops through central London.,LONDON
Which London area is home to the famous Notting Hill houses and gardens?,Notting Hill,Kensington,Chelsea,Holland Park,A,Notting Hill is famous for its colourful houses.,LONDON
Which London park is the venue for the annual Wimbledon qualifying?,Roehampton,Wimbledon Park,Richmond Park,Bushy Park,A,Wimbledon qualifying is held at Roehampton.,LONDON
Which London district is famous for the street of the Royal Courts of Justice?,Strand,Fleet Street,Aldwych,Holborn,A,The Royal Courts of Justice are on the Strand.,LONDON
Which London venue is the home of the Globe Theatre?,Bankside,South Bank,Southwark,Lambeth,A,Shakespeare's Globe is on Bankside.,LONDON
Which London park is the home of the Serpentine and the RHS?,Hyde Park,Kensington Gardens,Green Park,Battersea Park,A,Hyde Park and Kensington Gardens hold the Serpentine.,LONDON
Which London station is the terminus for the District line?,Richmond,Ealing Broadway,Upminster,Wimbledon,C,The District line's eastern terminus is Upminster.,LONDON
Which London district is home to the famous street market on Petticoat Lane?,Aldgate,Whitechapel,Spitalfields,Shoreditch,B,Petticoat Lane Market is in Whitechapel.,LONDON
Which London venue is the home of the Royal Albert Hall?,Kensington Gore,Hyde Park,South Kensington,Knightsbridge,A,The Royal Albert Hall is on Kensington Gore.,LONDON
Which London park is the venue for the annual Great British Beer Festival?,Olympia,Kensington,Islington,Southwark,A,The festival has been held at Olympia.,LONDON
"Which London bridge is the most recent major crossing, opened in 2000?",Millennium Bridge,Tower Bridge,London Bridge,Wobbly Bridge,A,The Millennium Bridge opened in 2000.,LONDON
Which London district is home to the famous Victoria and Albert Museum?,South Kensington,Kensington,Knightsbridge,Chelsea,A,The V&A is in South Kensington.,LONDON
Which London park is the home of the Italian Gardens?,Regent's Park,Hyde Park,Green Park,Battersea Park,A,The Italian Gardens are in Regent's Park.,LONDON
Which London venue is the home of the National Theatre?,South Bank,Bankside,Waterloo,Lambeth,A,The National Theatre is on the South Bank.,LONDON
Which London station is the terminus for the Overground's east London line?,Highbury & Islington,Crystal Palace,West Croydon,Dalston Junction,A,The East London line runs from Highbury & Islington.,LONDON
Which London district is famous for the street of the Bank of England?,City of London,Westminster,Soho,Camden,A,The Bank of England is in the City.,LONDON
Which London park is the venue for the annual Serpentine Swimming Club races?,Hyde Park,Regent's Park,Battersea Park,Green Park,A,The Serpentine Swimming Club races in Hyde Park.,LONDON
Which London venue is the home of the London Coliseum?,St Martin's Lane,Covent Garden,Strand,Soho,A,The London Coliseum is on St Martin's Lane.,LONDON
Which London district is home to the famous street of fashion boutiques in Mayfair?,Bond Street,Oxford Street,Regent Street,Baker Street,A,Bond Street in Mayfair is famous for luxury fashion.,LONDON
Which London park is the largest of the inner London parks?,Regent's Park,Hyde Park,Victoria Park,Battersea Park,A,Regent's Park is one of the largest inner London parks.,LONDON
Which London venue is the home of the Royal Court Theatre?,Sloane Square,Chelsea,Knightsbridge,Belgravia,A,The Royal Court is at Sloane Square.,LONDON
Which London station is the terminus for the Elizabeth line?,Reading,Shenfield,Abbey Wood,Heathrow,B,The Elizabeth line's eastern terminus is Shenfield.,LONDON
Which London district is famous for the street called Carnaby Street?,Soho,Mayfair,Covent Garden,West End,A,Carnaby Street is in Soho.,LONDON
Which London park is the venue for the annual Frieze Sculpture?,Regent's Park,Hyde Park,Kensington Gardens,Greenwich Park,A,Frieze Sculpture is in Regent's Park.,LONDON
Who was the first Tudor monarch of England?,Henry VII,Henry VIII,Edward VI,Mary I,A,Henry VII won the throne at the Battle of Bosworth in 1485.,UK HISTORY
In which year did the Battle of Hastings take place?,1066,1086,1154,1215,A,The Battle of Hastings in 1066 saw William the Conqueror defeat Harold.,UK HISTORY
Who was defeated at the Battle of Hastings?,King Harold,King Canute,King Alfred,King John,A,King Harold II was killed at Hastings.,UK HISTORY
Who became king after winning the Battle of Hastings?,Harold Godwinson,William the Conqueror,Edward the Confessor,Henry II,B,William the Conqueror was crowned king after Hastings.,UK HISTORY
Which document was signed by King John at Runnymede in 1215?,The Bill of Rights,The Magna Carta,The Petition of Right,The Domesday Book,B,The Magna Carta limited royal power.,UK HISTORY
Which king signed the Magna Carta?,King John,Henry VIII,Richard III,Edward I,A,King John signed the Magna Carta in 1215.,UK HISTORY
Which queen ruled England during the Spanish Armada of 1588?,Mary I,Elizabeth I,Victoria,Anne,B,Elizabeth I was queen when the Armada was defeated.,UK HISTORY
What was the name of the survey ordered by William the Conqueror in 1086?,The Magna Carta,The Domesday Book,The Doomsday Book,The Great Charter,B,The Domesday Book recorded landholdings across England.,UK HISTORY
Which of Henry VIII's wives was executed for treason?,Catherine of Aragon,Anne Boleyn,Jane Seymour,Catherine Parr,B,Anne Boleyn was executed in 1536.,UK HISTORY
Which of Henry VIII's wives died after childbirth?,Catherine of Aragon,Anne Boleyn,Jane Seymour,Catherine Howard,C,Jane Seymour died after giving birth to Edward VI.,UK HISTORY
Who was Henry VIII's only legitimate son?,Edward VI,Edward V,Henry IX,James VI,A,Edward VI became king aged nine.,UK HISTORY
Which English king was famously killed at the Battle of Bosworth in 1485?,Henry VI,Edward IV,Richard III,Henry VII,C,Richard III was the last Plantagenet king.,UK HISTORY
Which house did Henry VII found?,Tudor,York,Lancaster,Stuart,A,Henry VII founded the Tudor dynasty.,UK HISTORY
What was the name of the 1665 plague that devastated London?,The Black Death,The Great Plague,The Sweating Sickness,The Cholera,B,The Great Plague of London occurred in 1665.,UK HISTORY
What event destroyed much of London in 1666?,The Great Fire,The Blitz,The Plague,The Earthquake,A,The Great Fire of London burned for four days in 1666.,UK HISTORY
Who is traditionally said to have started the Great Fire of London?,Thomas Farriner,Samuel Pepys,Christopher Wren,John Evelyn,A,Thomas Farriner's bakery on Pudding Lane is blamed.,UK HISTORY
Who kept a famous diary of the Great Fire of London?,Samuel Pepys,Daniel Defoe,John Dryden,Robert Hooke,A,Samuel Pepys recorded the fire in his diary.,UK HISTORY
Who was the king of England during the Great Fire of 1666?,Charles I,Charles II,James II,William III,B,Charles II reigned during the Great Fire.,UK HISTORY
Which British king was executed in 1649?,Charles I,Charles II,James I,William III,A,Charles I was executed after the English Civil War.,UK HISTORY
Who led the Parliamentary forces in the English Civil War?,Oliver Cromwell,Charles I,John Pym,Prince Rupert,A,Oliver Cromwell led the New Model Army.,UK HISTORY
What was Oliver Cromwell's official title from 1653?,King,Lord Protector,Dictator,Regent,B,Cromwell ruled as Lord Protector.,UK HISTORY
Which war did Britain fight against the American colonies?,War of the Roses,American War of Independence,Hundred Years War,Crimean War,B,The American War of Independence ended in 1783.,UK HISTORY
In which year did the United Kingdom of Great Britain and Ireland come into being?,1707,1801,1603,1837,B,The Acts of Union in 1801 created the UK.,UK HISTORY
Which king ruled Britain at the time of the Great Fire of London?,Charles II,James II,William III,George I,A,Charles II was king in 1666.,UK HISTORY
Who was the last monarch of the House of Stuart?,Mary II,Queen Anne,George I,James II,B,Queen Anne was the last Stuart monarch.,UK HISTORY
Which Scottish king became James I of England in 1603?,James VI,Robert the Bruce,William Wallace,David II,A,James VI of Scotland became James I of England.,UK HISTORY
What was the name of the failed gunpowder plot of 1605?,The Gunpowder Plot,The Babington Plot,The Popish Plot,The Ridolfi Plot,A,Guy Fawkes was part of the Gunpowder Plot.,UK HISTORY
Who was found guarding barrels of gunpowder under Parliament in 1605?,Guy Fawkes,Robert Catesby,Thomas Percy,Francis Tresham,A,Guy Fawkes was caught with the gunpowder.,UK HISTORY
Which British prime minister led the country through most of World War Two?,Winston Churchill,Neville Chamberlain,Clement Attlee,Anthony Eden,A,Churchill became PM in May 1940.,UK HISTORY
Who was prime minister when Britain declared war in 1939?,Winston Churchill,Neville Chamberlain,Clement Attlee,Stanley Baldwin,B,Chamberlain declared war on Germany in 1939.,UK HISTORY
Which year did World War Two end in Europe?,1944,1945,1946,1943,B,VE Day was 8 May 1945.,UK HISTORY
Which British prime minister succeeded Winston Churchill in 1945?,Clement Attlee,Anthony Eden,Harold Macmillan,Neville Chamberlain,A,Attlee won the 1945 general election.,UK HISTORY
Who was the first woman to be a British Prime Minister?,Margaret Thatcher,Theresa May,Angela Merkel,Barbara Castle,A,Margaret Thatcher became PM in 1979.,UK HISTORY
Which war was fought between 1914 and 1918?,World War One,World War Two,The Boer War,The Crimean War,A,World War One lasted from 1914 to 1918.,UK HISTORY
Which year did the United Kingdom join the European Economic Community?,1973,1957,1992,1980,A,Britain joined the EEC in 1973.,UK HISTORY
Who was the Roman emperor when the Romans invaded Britain in AD 43?,Claudius,Nero,Augustus,Vespasian,A,Emperor Claudius ordered the invasion of Britain.,UK HISTORY
Which famous wall was built across northern England by the Romans?,Hadrian's Wall,Antonine Wall,Offa's Dyke,The Great Wall,A,Hadrian's Wall was built in AD 122.,UK HISTORY
Who was the British queen who fought the Romans in AD 60?,Boudica,Cartimandua,Celtic Queen Maeve,Eleanor of Aquitaine,A,Boudica led a revolt against the Romans.,UK HISTORY
Which Viking king became king of England in 1016?,Canute,Ragnar,Harald,Erik,A,Canute became king of England in 1016.,UK HISTORY
Who was crowned king of England on Christmas Day 1066?,William the Conqueror,Harold Godwinson,Edward the Confessor,Henry I,A,William was crowned at Westminster Abbey.,UK HISTORY
Which medieval king led the Third Crusade?,Richard I,Henry II,John,Edward I,A,Richard the Lionheart led the Third Crusade.,UK HISTORY
Who was the legendary outlaw said to live in Sherwood Forest?,Robin Hood,William Tell,Dick Turpin,Ned Kelly,A,Robin Hood is linked with Sherwood Forest.,UK HISTORY
Which king was known as the Hammer of the Scots?,Edward I,Edward II,Edward III,William I,A,Edward I earned the nickname Hammer of the Scots.,UK HISTORY
Which English king died at the Battle of Flodden?,Henry VIII,James IV,Charles I,Richard III,B,James IV of Scotland died at Flodden in 1513.,UK HISTORY
Who was England's first reigning queen in her own right?,Mary I,Elizabeth I,Lady Jane Grey,Victoria,A,Mary I became the first female ruler of England in 1553.,UK HISTORY
Who was the nine-day queen of England?,Lady Jane Grey,Anne Boleyn,Mary I,Catherine Howard,A,Lady Jane Grey reigned for nine days in 1553.,UK HISTORY
Which queen was known as the Virgin Queen?,Elizabeth I,Mary I,Mary Queen of Scots,Anne,A,Elizabeth I never married and was called the Virgin Queen.,UK HISTORY
"Who was Mary, Queen of Scots' son?",James VI of Scotland,Charles I,Henry Stuart,William III,A,James VI of Scotland was Mary's son.,UK HISTORY
Which event in 1660 restored the monarchy?,The Restoration,The Glorious Revolution,The Conquest,The Reform,A,The Restoration brought Charles II to the throne.,UK HISTORY
Which revolution of 1688 replaced James II with William and Mary?,The Glorious Revolution,The French Revolution,The Industrial Revolution,The American Revolution,A,The Glorious Revolution of 1688 was largely bloodless.,UK HISTORY
Who were the joint monarchs after the Glorious Revolution?,William and Mary,Charles and James,Henry and Edward,George and Anne,A,William III and Mary II ruled jointly.,UK HISTORY
Which act formally joined England and Scotland in 1707?,Act of Union,Act of Settlement,Act of Supremacy,Magna Carta,A,The Act of Union 1707 created Great Britain.,UK HISTORY
Which battle in 1746 ended the Jacobite rising?,Battle of Culloden,Battle of Bannockburn,Battle of Flodden,Battle of Stirling Bridge,A,Culloden in 1746 ended the Jacobite cause.,UK HISTORY
Who was the Jacobite leader defeated at Culloden?,Bonnie Prince Charlie,William Wallace,Robert the Bruce,James II,A,Bonnie Prince Charlie led the 1745 rising.,UK HISTORY
Which British general was defeated at Yorktown in 1781?,Lord Cornwallis,Duke of Wellington,General Howe,General Burgoyne,A,Cornwallis surrendered at Yorktown.,UK HISTORY
Who won the Battle of Waterloo in 1815?,Duke of Wellington,Napoleon,Lord Nelson,Blücher only,A,Wellington defeated Napoleon at Waterloo.,UK HISTORY
Who was the British admiral who died at the Battle of Trafalgar?,Horatio Nelson,Francis Drake,Robert Blake,John Jellicoe,A,Nelson died at Trafalgar in 1805.,UK HISTORY
Which river was the site of the Battle of Trafalgar's nearest land?,Nile,Thames,Guadalquivir,Tagus,D,Trafalgar was fought off Cape Trafalgar near the Tagus.,UK HISTORY
Which British engineer designed the Rocket locomotive?,George Stephenson,Isambard Kingdom Brunel,James Watt,Thomas Telford,A,George Stephenson built the Rocket in 1829.,UK HISTORY
Who is credited with the industrial revolution's steam engine improvements?,James Watt,George Stephenson,Richard Trevithick,Michael Faraday,A,James Watt improved the steam engine.,UK HISTORY
Which British nurse is famous for her work in the Crimean War?,Florence Nightingale,Mary Seacole,Edith Cavell,Nellie Melba,A,Florence Nightingale tended soldiers at Scutari.,UK HISTORY
Which year did the Great Exhibition open at the Crystal Palace?,1851,1861,1841,1871,A,The Great Exhibition opened in 1851.,UK HISTORY
Which queen reigned the longest before Elizabeth II?,Victoria,Anne,Mary I,Elizabeth I,A,Queen Victoria reigned for 63 years.,UK HISTORY
Which prime minister introduced the National Health Service in 1948?,Clement Attlee,Winston Churchill,Aneurin Bevan,Harold Wilson,A,Attlee's government created the NHS in 1948.,UK HISTORY
Who was the Minister of Health who founded the NHS?,Aneurin Bevan,Clement Attlee,Ernest Bevin,Nye Wilson,A,Aneurin Bevan founded the NHS in 1948.,UK HISTORY
Which year did women in Britain first get the vote?,1918,1928,1900,1912,A,The Representation of the People Act 1918 gave women over 30 the vote.,UK HISTORY
In which year did all women get the vote on equal terms with men?,1928,1918,1945,1910,A,The 1928 Act gave equal voting rights.,UK HISTORY
Which suffragette leader founded the WSPU?,Emmeline Pankhurst,Millicent Fawcett,Emily Davison,Sophia Jex-Blake,A,Emmeline Pankhurst led the suffragettes.,UK HISTORY
Which suffragette died after throwing herself under the King's horse in 1913?,Emily Davison,Emmeline Pankhurst,Christabel Pankhurst,Sylvia Pankhurst,A,Emily Davison died at the Epsom Derby in 1913.,UK HISTORY
Which year did the Irish Free State come into being?,1922,1916,1937,1949,A,The Irish Free State was created in 1922.,UK HISTORY
Which British scientist discovered penicillin?,Alexander Fleming,Louis Pasteur,Joseph Lister,Robert Koch,A,Fleming discovered penicillin in 1928.,UK HISTORY
Which British physicist developed the theory of gravity?,Isaac Newton,Albert Einstein,Stephen Hawking,Michael Faraday,A,Newton published his law of gravitation in 1687.,UK HISTORY
Which British naturalist proposed the theory of evolution by natural selection?,Charles Darwin,Alfred Russel Wallace,Gregor Mendel,Thomas Huxley,A,Darwin published On the Origin of Species in 1859.,UK HISTORY
Which British scientist discovered the structure of DNA?,James Watson and Francis Crick,Rosalind Franklin,Linus Pauling,Maurice Wilkins only,A,Watson and Crick described DNA in 1953.,UK HISTORY
Which British mathematician is known as the father of the computer?,Alan Turing,Charles Babbage,Ada Lovelace,John von Neumann,B,Charles Babbage designed the Analytical Engine.,UK HISTORY
Who is considered the first computer programmer?,Ada Lovelace,Grace Hopper,Alan Turing,Margaret Hamilton,A,Ada Lovelace wrote the first algorithm for Babbage's machine.,UK HISTORY
Which British physicist came up with the theory of general relativity?,Albert Einstein,Isaac Newton,Stephen Hawking,Niels Bohr,A,Einstein published general relativity in 1915.,UK HISTORY
Which British astronomer discovered the planet Uranus?,William Herschel,Edmond Halley,John Flamsteed,Patrick Moore,A,Herschel discovered Uranus in 1781.,UK HISTORY
Which British scientist invented the telephone?,Alexander Graham Bell,Thomas Edison,Guglielmo Marconi,James Clerk Maxwell,A,Bell patented the telephone in 1876.,UK HISTORY
Which British scientist pioneered the theory of electromagnetism?,James Clerk Maxwell,Michael Faraday,Joseph Henry,Heinrich Hertz,A,Maxwell formulated the laws of electromagnetism.,UK HISTORY
Which British inventor is credited with the television?,John Logie Baird,Guglielmo Marconi,Thomas Edison,Alexander Graham Bell,A,Baird demonstrated television in 1926.,UK HISTORY
Which year did the UK hold its first general election after World War Two?,1945,1944,1946,1951,A,The 1945 election brought Labour to power.,UK HISTORY
Which year did the Coronation of Queen Elizabeth II take place?,1953,1952,1955,1947,A,Elizabeth II was crowned in 1953.,UK HISTORY
Which British city was heavily bombed in the Blitz of 1940?,London,Manchester,Bristol,All of the above,D,Many British cities were bombed during the Blitz.,UK HISTORY
Which British evacuation operation rescued troops from Dunkirk in 1940?,Operation Dynamo,Operation Overlord,Operation Barbarossa,Operation Market Garden,A,"Operation Dynamo rescued over 300,000 troops.",UK HISTORY
Which year did the Great Fire of London start?,1666,1066,1665,1706,A,The Great Fire started on 2 September 1666.,UK HISTORY
Which king was known as the Merry Monarch?,Charles II,Charles I,George II,Edward VII,A,Charles II was called the Merry Monarch.,UK HISTORY
Which British queen gave her name to the Victorian era?,Victoria,Elizabeth,Anne,Mary,A,The Victorian era is named after Queen Victoria.,UK HISTORY
Which prime minister was in office during the Battle of Waterloo?,Lord Liverpool,William Pitt the Younger,Robert Peel,Lord Grey,A,Lord Liverpool was PM at Waterloo.,UK HISTORY
Which British statesman was known as the Iron Lady?,Margaret Thatcher,Winston Churchill,Tony Blair,David Cameron,A,Thatcher was nicknamed the Iron Lady.,UK HISTORY
Which year did the Berlin Wall fall and mark the end of the Cold War era?,1989,1985,1991,1979,A,The Berlin Wall fell in November 1989.,UK HISTORY
Which British queen reigned during the Armada and the defeat of the Spanish fleet?,Elizabeth I,Mary I,Victoria,Anne,A,Elizabeth I reigned during the Armada.,UK HISTORY
Who was the first Norman king of England?,William I,Harold II,Edward the Confessor,Canute,A,William I (the Conqueror) was the first Norman king.,UK HISTORY
Which English king was captured during the Crusades and held for ransom?,Richard I,Henry II,John,Edward II,A,Richard the Lionheart was ransomed in 1193.,UK HISTORY
Which British invention is the spinning frame associated with Richard Arkwright?,Water frame,Spinning jenny,Flying shuttle,Power loom,A,Arkwright patented the water frame.,UK HISTORY
Who invented the spinning jenny in 1764?,James Hargreaves,Richard Arkwright,Samuel Crompton,John Kay,A,Hargreaves invented the spinning jenny.,UK HISTORY
"Which engineer built the SS Great Britain, the first iron-hulled steamship?",Isambard Kingdom Brunel,George Stephenson,Thomas Telford,James Watt,A,Brunel's SS Great Britain was launched in 1843.,UK HISTORY
Which year did the Great Reform Act extend the vote to more men?,1832,1867,1884,1837,A,The Reform Act of 1832 expanded the franchise.,UK HISTORY
Which British explorer was the first to reach the South Pole?,Robert Falcon Scott,Roald Amundsen,Ernest Shackleton,James Cook,B,Amundsen reached the South Pole first in 1911.,UK HISTORY
Which British explorer died attempting to reach the South Pole in 1912?,Robert Falcon Scott,Ernest Shackleton,James Cook,Henry Hudson,A,Scott and his team died on the return from the pole.,UK HISTORY
Which British captain charted Australia and New Zealand?,James Cook,Francis Drake,Walter Raleigh,John Cabot,A,Captain Cook charted the Pacific in the 1770s.,UK HISTORY
Which year did Britain formally leave the European Union?,2020,2016,2019,2021,A,The UK left the EU on 31 January 2020.,UK HISTORY
What was the name of the UK's exit from the EU called?,Brexit,Grexit,Fixit,Frexit,A,Brexit is the UK's withdrawal from the EU.,UK HISTORY
Which British prime minister called the 2016 EU referendum?,David Cameron,Theresa May,Boris Johnson,Gordon Brown,A,David Cameron called the referendum in 2016.,UK HISTORY
Which year did the UK hold the EU membership referendum?,2016,2015,2017,2014,A,The referendum was held on 23 June 2016.,UK HISTORY
Who was the first British prime minister to be born in the 20th century?,Clement Attlee,Winston Churchill,Neville Chamberlain,Harold Wilson,A,Attlee was born in 1883.,UK HISTORY
Which British monarch is the current King?,Charles III,William,George VII,Edward IX,A,King Charles III became king in 2022.,ROYAL FAMILY
Who is the current heir to the British throne?,Prince William,Prince Harry,Prince George,Prince Louis,A,Prince William is the heir apparent.,ROYAL FAMILY
Who was Queen Elizabeth II's husband?,Prince Philip,Prince Charles,Prince Andrew,Prince Edward,A,"Prince Philip, Duke of Edinburgh, married Elizabeth in 1947.",ROYAL FAMILY
Which year did Queen Elizabeth II ascend the throne?,1952,1953,1951,1955,A,Elizabeth became queen in February 1952.,ROYAL FAMILY
How long did Queen Elizabeth II reign?,70 years,60 years,65 years,75 years,A,Elizabeth II reigned for 70 years.,ROYAL FAMILY
Where is the monarch's official residence in Scotland?,Balmoral Castle,Holyrood Palace,Windsor Castle,Sandringham House,B,Holyrood Palace is the official residence in Scotland.,ROYAL FAMILY
Which Scottish estate is the private residence of the royal family?,Balmoral,Sandringham,Windsor,Highgrove,A,Balmoral Castle is the royal family's Scottish estate.,ROYAL FAMILY
Which Norfolk estate is the royal family's private residence in England?,Sandringham House,Windsor Castle,Balmoral,Highgrove,A,Sandringham is the royal family's Norfolk estate.,ROYAL FAMILY
Which royal residence in Gloucestershire belongs to King Charles III?,Highgrove House,Balmoral,Sandringham,Hampton Court,A,Highgrove House is Charles's Gloucestershire home.,ROYAL FAMILY
Who is the wife of Prince William?,Catherine Middleton,Meghan Markle,Kate Moss,Pippa Middleton,A,"Catherine, Princess of Wales, was born Catherine Middleton.",ROYAL FAMILY
Who is the wife of Prince Harry?,Meghan Markle,Catherine Middleton,Amal Clooney,Sienna Miller,A,Meghan Markle married Prince Harry in 2018.,ROYAL FAMILY
Who was the last king of the House of Windsor before Charles III?,George VI,Edward VIII,George V,William IV,A,George VI was the previous king before Elizabeth II.,ROYAL FAMILY
Who was the king who abdicated to marry Wallis Simpson?,Edward VIII,George VI,Edward VII,George V,A,Edward VIII abdicated in 1936.,ROYAL FAMILY
Which year did King Charles III's coronation take place?,2023,2022,2024,2021,A,Charles III was crowned on 6 May 2023.,ROYAL FAMILY
What title does Prince William hold?,Prince of Wales,Duke of York,Duke of Edinburgh,Earl of Wessex,A,William is the Prince of Wales.,ROYAL FAMILY
What title does Prince Harry hold?,Duke of Sussex,Duke of York,Duke of Cambridge,Earl of Dumbarton,A,Harry is the Duke of Sussex.,ROYAL FAMILY
Which royal is the Duke of York?,Prince Andrew,Prince Edward,Prince Harry,Prince William,A,Prince Andrew is the Duke of York.,ROYAL FAMILY
Which royal holds the title Duke of Edinburgh?,Prince Edward,Prince Charles,Prince Andrew,Prince George,A,Prince Edward became Duke of Edinburgh in 2023.,ROYAL FAMILY
Who is the Queen Consort?,Camilla,Catherine,Meghan,Sophie,A,Camilla is the Queen Consort.,ROYAL FAMILY
What is the name of the King's beloved corgis?,Muick and Sandy,Rex and Rex,Bella and Bella,Nala and Nala,A,Muick and Sandy are the King's corgis.,ROYAL FAMILY
Which year did Queen Elizabeth II die?,2022,2021,2023,2020,A,Elizabeth II died on 8 September 2022.,ROYAL FAMILY
Who became king immediately after Elizabeth II died?,Charles III,William V,George VII,Edward IX,A,Charles III succeeded his mother.,ROYAL FAMILY
Which royal residence is the official London home of the King?,Buckingham Palace,Windsor Castle,St James's Palace,Clarence House,A,Buckingham Palace is the monarch's London residence.,ROYAL FAMILY
Which royal palace is the King's official office where the Changing of the Guard happens?,Buckingham Palace,Windsor Castle,Hampton Court,Kensington Palace,A,The Changing of the Guard takes place at Buckingham Palace.,ROYAL FAMILY
Who was the longest-reigning monarch in British history?,Queen Elizabeth II,Queen Victoria,King George III,King Henry VIII,A,"Elizabeth II reigned for 70 years, longer than Victoria's 63.",ROYAL FAMILY
Which royal family member married in 2011 at Westminster Abbey?,Prince William and Catherine,Prince Harry and Meghan,Prince Charles and Diana,Princess Anne,A,William and Catherine married in 2011.,ROYAL FAMILY
"Which royal couple married in 2018 at St George's Chapel, Windsor?",Prince Harry and Meghan,Prince William and Catherine,Prince Andrew and Sarah,Prince Edward and Sophie,A,Harry and Meghan married in 2018.,ROYAL FAMILY
Who was the mother of Queen Elizabeth II?,Queen Elizabeth the Queen Mother,Queen Mary,Queen Alexandra,Queen Victoria,A,The Queen Mother was Elizabeth Bowes-Lyon.,ROYAL FAMILY
What is the name of King Charles III's first wife?,"Diana, Princess of Wales",Camilla,Sarah Ferguson,Sophie Rhys-Jones,A,Charles first married Diana in 1981.,ROYAL FAMILY
Who was known as the People's Princess?,Princess Diana,Queen Elizabeth,Princess Anne,Princess Margaret,A,Diana was called the People's Princess.,ROYAL FAMILY
Which year did Princess Diana die?,1997,1996,1998,1995,A,Diana died in a car crash in Paris in 1997.,ROYAL FAMILY
Who was Queen Elizabeth II's sister?,Princess Margaret,Princess Anne,Princess Mary,Princess Alexandra,A,Princess Margaret was her younger sister.,ROYAL FAMILY
Which royal is the Princess Royal?,Princess Anne,Princess Margaret,Princess Beatrice,Princess Eugenie,A,Princess Anne holds the title Princess Royal.,ROYAL FAMILY
Who are the daughters of Prince Andrew?,Beatrice and Eugenie,Charlotte and Louise,Zara and Mia,Sophie and Isla,A,Princesses Beatrice and Eugenie are Andrew's daughters.,ROYAL FAMILY
Who is the eldest child of Prince William and Catherine?,Prince George,Princess Charlotte,Prince Louis,Prince Archie,A,Prince George is the eldest.,ROYAL FAMILY
Which royal family member is second in line to the throne?,Prince George,Prince Louis,Princess Charlotte,Prince Harry,A,Prince George is second in line.,ROYAL FAMILY
Who is third in line to the throne?,Princess Charlotte,Prince Louis,Prince Harry,Prince Andrew,A,Princess Charlotte is third in line.,ROYAL FAMILY
Who is the mother of Prince George?,"Catherine, Princess of Wales",Meghan Markle,Camilla,Sophie,A,Catherine is Prince George's mother.,ROYAL FAMILY
Which royal residence is the Queen's favourite and was where she often spent Easter?,Windsor Castle,Balmoral,Sandringham,Holyrood,A,Windsor Castle was a favourite of Elizabeth II.,ROYAL FAMILY
Which year did Queen Elizabeth II celebrate her Platinum Jubilee?,2022,2012,2017,2020,A,The Platinum Jubilee marked 70 years on the throne in 2022.,ROYAL FAMILY
Which jubilee marked 60 years of Queen Elizabeth II's reign?,Diamond Jubilee,Golden Jubilee,Silver Jubilee,Platinum Jubilee,A,The Diamond Jubilee in 2012 marked 60 years.,ROYAL FAMILY
Which jubilee marked 50 years of Queen Elizabeth II's reign?,Golden Jubilee,Diamond Jubilee,Ruby Jubilee,Silver Jubilee,A,The Golden Jubilee was in 2002.,ROYAL FAMILY
Who is the wife of Prince Edward?,"Sophie, Duchess of Edinburgh",Camilla,Sarah Ferguson,Diana,A,Sophie is married to Prince Edward.,ROYAL FAMILY
Which royal holds the title Earl of Wessex?,Prince James,Prince Louis,Prince Archie,Prince George,A,Prince James is Earl of Wessex.,ROYAL FAMILY
Who was the father of Queen Elizabeth II?,King George VI,King George V,King Edward VIII,King Edward VII,A,George VI was Elizabeth's father.,ROYAL FAMILY
Which king was known as Bertie before his coronation?,George VI,Edward VII,George V,Edward VIII,A,George VI was called Bertie by his family.,ROYAL FAMILY
Who was the last emperor of India?,George VI,George V,Edward VIII,Charles III,A,George VI was the last Emperor of India.,ROYAL FAMILY
Which royal family member has the title Princess of Wales?,Catherine,Camilla,Meghan,Anne,A,Catherine is the Princess of Wales.,ROYAL FAMILY
Who was the first Princess of Wales in the 20th century?,Diana,Catherine,Mary of Teck,Alexandra,A,Diana was Princess of Wales from 1981.,ROYAL FAMILY
Which royal gave up her royal title to marry?,Wallis Simpson,Diana,Camilla,Margaret,A,Wallis Simpson married Edward VIII after his abdication.,ROYAL FAMILY
Who is the Queen's youngest child?,Prince Edward,Prince Charles,Prince Andrew,Princess Anne,A,Prince Edward is the youngest child of Elizabeth II.,ROYAL FAMILY
Which royal is known for her work with the charity Children in Need?,Prince William,Prince Harry,Princess Anne,Prince Edward,A,Princess Anne is a patron of Children in Need.,ROYAL FAMILY
Which royal residence is the largest inhabited castle in the world?,Windsor Castle,Buckingham Palace,Balmoral,Sandringham,A,Windsor Castle is the world's largest occupied castle.,ROYAL FAMILY
Who was the Duke of Edinburgh who died in 2021?,Prince Philip,Prince Edward,Prince Andrew,Prince Charles,A,Prince Philip died in April 2021.,ROYAL FAMILY
Which year did Prince Philip die?,2021,2020,2022,2019,A,Philip died on 9 April 2021.,ROYAL FAMILY
Which royal family name is Windsor?,House of Windsor,House of Tudor,House of Stuart,House of Hanover,A,The royal family name is Windsor.,ROYAL FAMILY
Who was the monarch before Queen Elizabeth II?,George VI,George V,Edward VIII,Edward VII,A,George VI reigned from 1936 to 1952.,ROYAL FAMILY
Which royal is married to Zara Tindall?,Mike Tindall,Peter Phillips,Mark Phillips,Harry,A,Mike Tindall is married to Zara.,ROYAL FAMILY
Who is the daughter of Princess Anne?,Zara Tindall,Beatrice,Eugenie,Charlotte,A,Zara Tindall is Anne's daughter.,ROYAL FAMILY
Which royal family member is a famous equestrian who competed in the Olympics?,Zara Tindall,Princess Anne,Prince Harry,Prince William,A,Zara competed in the 2012 Olympics.,ROYAL FAMILY
Who is the son of Prince Harry and Meghan?,Archie,George,Louis,James,A,Archie Harrison Mountbatten-Windsor is their son.,ROYAL FAMILY
What is the name of Prince Harry and Meghan's daughter?,Lilibet,Charlotte,Beatrice,Mia,A,Lilibet Diana is their daughter.,ROYAL FAMILY
Which year did Prince Harry and Meghan step back as senior royals?,2020,2019,2021,2018,A,They stepped back in 2020.,ROYAL FAMILY
Who is the current Duke of Cambridge?,Prince William,Prince Harry,Prince George,Prince Edward,A,William holds the title Duke of Cambridge.,ROYAL FAMILY
Which royal family member is the Duke of Rothesay in Scotland?,Prince William,Prince Harry,Prince Charles,Prince Andrew,A,The Prince of Wales is Duke of Rothesay in Scotland.,ROYAL FAMILY
Who was the mother of Prince William and Prince Harry?,Princess Diana,Camilla,Princess Margaret,Sarah Ferguson,A,Diana was their mother.,ROYAL FAMILY
Which royal is the Earl of Strathearn?,Prince William,Prince Harry,Prince George,Prince Louis,A,William is Earl of Strathearn in Scotland.,ROYAL FAMILY
Which royal is the Baron of Carrickfergus?,Prince William,Prince Harry,Prince Edward,Prince Andrew,A,William is Baron of Carrickfergus in Northern Ireland.,ROYAL FAMILY
Who is the current Queen Camilla?,Camilla Parker Bowles,Camilla Windsor,Camilla Spencer,Camilla Mountbatten,A,Camilla is the Queen Consort.,ROYAL FAMILY
Which royal residence did Queen Elizabeth II famously love in the summer?,Balmoral Castle,Sandringham House,Windsor Castle,Holyrood Palace,A,Balmoral was her summer home.,ROYAL FAMILY
Which royal founded the Prince's Trust?,King Charles III,Prince William,Prince Harry,Prince Edward,A,Charles founded the Prince's Trust in 1976.,ROYAL FAMILY
Which royal is known for her patronage of the Scouts and St John Ambulance?,Princess Anne,Queen Camilla,Catherine,Sophie,A,Princess Anne supports the Scouts.,ROYAL FAMILY
Which royal was the longest-serving consort in British history?,Prince Philip,Queen Camilla,Prince Albert,Prince Andrew,A,Philip served as consort for 70 years.,ROYAL FAMILY
"What is the traditional breakfast food made from oats, often served with honey?",Porridge,Weetabix,Muesli,Granola,A,Porridge is a classic Scottish breakfast.,FOOD & DRINK
What is the traditional Scottish dish made from sheep's offal and oats?,Haggis,Black pudding,Bubble and squeak,Cottage pie,A,Haggis is Scotland's national dish.,FOOD & DRINK
What is the famous Scottish national dish made from a sheep's stomach?,Haggis,Balmoral chicken,Cullen skink,Scotch broth,A,Haggis is traditionally served with neeps and tatties.,FOOD & DRINK
What are neeps and tatties?,Swede and potato,Beef and potato,Carrot and turnip,Peas and mash,A,Neeps are swede and tatties are potatoes.,FOOD & DRINK
What is the traditional Sunday roast meat in the UK?,Beef,Chicken,Pork,Lamb,A,Roast beef with Yorkshire pudding is the classic.,FOOD & DRINK
What is a Yorkshire pudding traditionally made from?,Batter,Pastry,Dough,Mash,A,Yorkshire pudding is a baked batter pudding.,FOOD & DRINK
What is the traditional accompaniment to a Sunday roast?,Yorkshire pudding,Haggis,Scones,Crumpets,A,Yorkshire pudding is served with roast beef.,FOOD & DRINK
What is the filling of a Cornish pasty traditionally?,Beef and potato,Chicken and leek,Cheese and onion,Steak and ale,A,"The traditional Cornish pasty has beef, potato and swede.",FOOD & DRINK
What is the traditional Scottish soup made with smoked haddock?,Cullen skink,Scotch broth,Cock-a-leekie,Hotchpotch,A,Cullen skink is a smoked haddock soup.,FOOD & DRINK
What is the classic Scottish soup with leeks and chicken?,Cock-a-leekie,Cullen skink,Scotch broth,Pea and ham,A,Cock-a-leekie is a chicken and leek soup.,FOOD & DRINK
What is the traditional dish of fish and chips usually served with?,Mushy peas,Baked beans,Mashed potato,Coleslaw,A,Mushy peas are a classic fish and chips accompaniment.,FOOD & DRINK
What is the national dish of Wales?,Cawl,Haggis,Bubble and squeak,Toad in the hole,A,Cawl is a traditional Welsh stew.,FOOD & DRINK
What is the traditional Welsh cake made on a griddle?,Welsh cakes,Scones,Crumpets,Pikelets,A,Welsh cakes are baked on a bakestone or griddle.,FOOD & DRINK
What is the national drink of Scotland?,Whisky,Gin,Ale,Cider,A,Whisky (uisge beatha) is Scotland's national drink.,FOOD & DRINK
What is the traditional English pudding made with bread and butter?,Bread and butter pudding,Spotted dick,Treacle sponge,Jam roly-poly,A,Bread and butter pudding uses stale bread.,FOOD & DRINK
What is the traditional steamed pudding with raisins called?,Spotted dick,Bread pudding,Sticky toffee,Rice pudding,A,Spotted dick is a suet pudding with dried fruit.,FOOD & DRINK
"What is the classic British pudding made with sponge, syrup and custard?",Treacle sponge,Spotted dick,Jam roly-poly,Summer pudding,A,Treacle sponge is a classic British dessert.,FOOD & DRINK
What is the traditional Northern Irish dish of potatoes and cabbage?,Colcannon,Bubble and squeak,Boxty,Champ,A,Colcannon is potatoes and kale or cabbage.,FOOD & DRINK
What is the Irish potato dish often served with fried eggs?,Boxty,Colcannon,Champ,Bubble and squeak,A,Boxty is a traditional Irish potato pancake.,FOOD & DRINK
What is the traditional English breakfast egg dish?,Fried egg,Poached egg,Boiled egg,Scrambled egg,A,A full English includes a fried egg.,FOOD & DRINK
What is a full English breakfast often called?,Fry-up,Bake-up,Toast-up,Plate-up,A,A full English is often called a fry-up.,FOOD & DRINK
What is the classic British biscuit named after a Scottish village?,Shortbread,Digestive,Jaffa cake,Rich tea,A,Shortbread is associated with Scotland.,FOOD & DRINK
What is the traditional Scottish biscuit made with butter and sugar?,Shortbread,Gingerbread,Battenberg,Flapjack,A,Shortbread is Scotland's classic biscuit.,FOOD & DRINK
What is the British spread made from yeast extract?,Marmite,Nutella,Peanut butter,Jam,A,Marmite is a savoury yeast extract spread.,FOOD & DRINK
"What is the British sandwich filling of bacon, lettuce and tomato called?",BLT,Club,Ploughman's,Cucumber,A,"BLT stands for bacon, lettuce and tomato.",FOOD & DRINK
What is the traditional ploughman's lunch served with?,Cheese and pickle,Ham and egg,Fish and chips,Sausage roll,A,"A ploughman's is bread, cheese and pickle.",FOOD & DRINK
What is the British sausage wrapped in pastry called?,Sausage roll,Cornish pasty,Scotch egg,Pork pie,A,A sausage roll is sausage in flaky pastry.,FOOD & DRINK
What is the British snack of a boiled egg wrapped in sausage meat?,Scotch egg,Pickled egg,Sausage roll,Pork pie,A,A Scotch egg is a boiled egg in sausage meat and breadcrumbs.,FOOD & DRINK
What is the traditional Christmas pudding set alight with brandy?,Christmas pudding,Yule log,Trifle,Mince pie,A,Christmas pudding is flamed with brandy.,FOOD & DRINK
What is the British Christmas dessert often containing dried fruit and brandy butter?,Christmas pudding,Trifle,Pavlova,Eton mess,A,Christmas pudding is served with brandy butter.,FOOD & DRINK
What is the traditional drink of tea served with milk called?,Builder's brew,Chai,Earl Grey,Herbal,A,Builder's brew is strong tea with milk.,FOOD & DRINK
What is the famous British cheese from Somerset?,Cheddar,Stilton,Red Leicester,Wensleydale,A,Cheddar cheese originated in Somerset.,FOOD & DRINK
Which English cheese is known as the King of Cheeses?,Stilton,Cheddar,Brie,Gouda,A,Stilton is sometimes called the King of Cheeses.,FOOD & DRINK
Which British cheese has blue veins and is from the East Midlands?,Stilton,Cheddar,Red Leicester,Cheshire,A,Stilton is a blue cheese from the East Midlands.,FOOD & DRINK
Which English cheese is orange and from Leicestershire?,Red Leicester,Cheddar,Stilton,Double Gloucester,A,Red Leicester is an orange cheese.,FOOD & DRINK
Which British cheese is from Yorkshire and often eaten with fruit cake?,Wensleydale,Cheddar,Stilton,Cheshire,A,Wensleydale pairs with fruit cake.,FOOD & DRINK
What is the British dish of sausages baked in batter called?,Toad in the hole,Yorkshire pudding,Bubble and squeak,Bangers and mash,A,Toad in the hole is sausages in batter.,FOOD & DRINK
What is the British name for sausages in casual slang?,Bangers,Wieners,Bratwurst,Links,A,Sausages are called bangers in Britain.,FOOD & DRINK
What is the traditional British dish of minced beef with mashed potato?,Cottage pie,Shepherd's pie,Toad in the hole,Steak and kidney pie,A,Cottage pie uses beef; shepherd's pie uses lamb.,FOOD & DRINK
What is the difference between cottage pie and shepherd's pie?,The meat,The topping,The pastry,The sauce,A,"Cottage pie uses beef, shepherd's pie uses lamb.",FOOD & DRINK
What is the British dessert of fruit and custard with sponge fingers?,Trifle,Eton mess,Bakewell tart,Victoria sponge,A,"Trifle layers custard, fruit and sponge fingers.",FOOD & DRINK
What is the traditional pudding from the Peak District with jam and frangipane?,Bakewell tart,Eton mess,Treacle tart,Rhubarb crumble,A,Bakewell tart has a frangipane topping.,FOOD & DRINK
"What is the British dessert of meringue, cream and strawberries?",Eton mess,Pavlova,Trifle,Meringue roulade,A,"Eton mess mixes meringue, cream and strawberries.",FOOD & DRINK
What is the traditional cake with jam and cream filling named after a queen?,Victoria sponge,Battenberg,Madeira cake,Carrot cake,A,Victoria sponge is named after Queen Victoria.,FOOD & DRINK
What is the British cake with a pink and yellow checkerboard pattern?,Battenberg,Victoria sponge,Madeira,Fruit cake,A,Battenberg has a distinctive checkerboard pattern.,FOOD & DRINK
What is the traditional British drink made from fermented apple juice?,Cider,Perry,Beer,Mead,A,Cider is made from fermented apples.,FOOD & DRINK
What is the British drink made from fermented pear juice?,Perry,Cider,Beer,Wine,A,Perry is made from pears.,FOOD & DRINK
What is the traditional Scottish dish of chicken stuffed with haggis?,Balmoral chicken,Chicken tikka,Coq au vin,Roast chicken,A,Balmoral chicken is chicken with a haggis stuffing.,FOOD & DRINK
"What is the British sandwich of beef, horseradish and a Yorkshire pudding?",Beef sandwich,Sunday lunch,Roast beef roll,Ploughman's,B,A Sunday lunch sandwich uses roast beef and Yorkshire pudding.,FOOD & DRINK
What is the traditional Christmas Eve drink in Britain?,Mulled wine,Elderflower cordial,Hot chocolate,Sherry,A,Mulled wine is a festive spiced drink.,FOOD & DRINK
What is the British Easter treat made of chocolate?,Easter egg,Hot cross bun,Simnel cake,Pancake,A,Chocolate Easter eggs are a British tradition.,FOOD & DRINK
What is the traditional hot cross bun eaten at Easter?,Spiced bun,Scone,Crumpet,Muffin,A,Hot cross buns are marked with a cross.,FOOD & DRINK
What is the British dish of fried leftover vegetables called?,Bubble and squeak,Colcannon,Champ,Ratatouille,A,Bubble and squeak uses leftover vegetables.,FOOD & DRINK
What is the traditional Welsh dish of laverbread?,Seaweed,Bread,Cheese,Oats,A,Laverbread is made from seaweed.,FOOD & DRINK
What is the British dessert of cold custard and jam called?,Blancmange,Semolina,Rice pudding,Fruit fool,A,Blancmange is a set milk pudding.,FOOD & DRINK
What is the traditional English fish pie topping?,Mashed potato,Cheese,Pastry,Breadcrumbs,A,Fish pie has a mashed potato topping.,FOOD & DRINK
What is the British meal of a fried fish in batter with chips called?,Fish and chips,Fish fingers,Cod and peas,Seafood platter,A,Fish and chips is Britain's national dish.,FOOD & DRINK
What is the traditional beer served in British pubs?,Bitter,Lager,Stout,Pilsner,A,Bitter is a traditional British ale.,FOOD & DRINK
What is the dark British beer made with roasted barley?,Stout,Lager,Bitter,Pilsner,A,"Stout is a dark beer, like Guinness.",FOOD & DRINK
What is the traditional accompaniment to Christmas dinner?,Roast potatoes,Chips,Rice,Pasta,A,Roast potatoes are a Christmas dinner staple.,FOOD & DRINK
What is the British name for a sandwich?,Butty,Wrap,Roll,Sub,A,A butty or sarnie is a British sandwich.,FOOD & DRINK
What is the British term for a bacon sandwich?,Bacon butty,Bacon wrap,Bacon roll,Sarnie,A,A bacon butty is a bacon sandwich.,FOOD & DRINK
What is the traditional English breakfast tea called?,English breakfast,Earl Grey,Darjeeling,Green tea,A,English breakfast is a strong black tea blend.,FOOD & DRINK
What is the British drink of hot milk with a splash of tea?,Milk tea,Latte,Cappuccino,Chai,A,Milk tea is tea with a lot of milk.,FOOD & DRINK
What is the traditional British pudding of suet pastry filled with jam?,Jam roly-poly,Spotted dick,Treacle tart,Bread pudding,A,Jam roly-poly is a suet roll with jam.,FOOD & DRINK
What is the British biscuit that is a chocolate-coated sponge cake?,Jaffa cake,Digestive,Shortbread,Rich tea,A,A Jaffa cake has an orange jam centre and chocolate.,FOOD & DRINK
What is the traditional British fruit dessert made with summer berries?,Summer pudding,Trifle,Eton mess,Fruit crumble,A,Summer pudding is made with berries and bread.,FOOD & DRINK
What is the British dessert of baked apples with pastry?,Apple pie,Apple crumble,Apple tart,Strudel,A,Apple pie is a classic British dessert.,FOOD & DRINK
What is the British term for a cooked meal served in the middle of the day on Sunday?,Sunday roast,Sunday brunch,Sunday tea,Sunday feast,A,The Sunday roast is a traditional midday meal.,FOOD & DRINK
What is the traditional British cake eaten on Bonfire Night?,Parkin,Battenberg,Madeira,Sponge,A,Parkin is a ginger oat cake for Bonfire Night.,FOOD & DRINK
What is the traditional drink of the North of England made from fermented oats?,Fentimans,Dandelion and burdock,Ginger beer,Elderflower cordial,B,Dandelion and burdock is a traditional soft drink.,FOOD & DRINK
What is the British fizzy drink made from ginger?,Ginger beer,Lemonade,Cola,Cream soda,A,Ginger beer is a traditional British soft drink.,FOOD & DRINK
What is the British dish of lamb stew with dumplings called?,Lancashire hotpot,Irish stew,Cawl,Stew and dumplings,A,Lancashire hotpot is a lamb and potato stew.,FOOD & DRINK
What is the traditional British dessert of cold custard and rice?,Rice pudding,Semolina,Blancmange,Tapioca,A,Rice pudding is a classic British pudding.,FOOD & DRINK
What is the British term for a hot drink made with coffee and milk?,White coffee,Latte,Americano,Flat white,A,White coffee is coffee with milk.,FOOD & DRINK
What is the traditional British breakfast of smoked fish?,Kippers,Haddock,Mackerel,Sardines,A,Kippers are smoked herring.,FOOD & DRINK
What is the British dish of sausages and mashed potato called?,Bangers and mash,Toad in the hole,Cottage pie,Ploughman's,A,Bangers and mash is sausages with mash.,FOOD & DRINK
"What is the traditional Scottish drink made with whisky, honey and cream?",Drambuie,Irn-Bru,Atholl Brose,Whisky sour,A,Atholl Brose is a whisky and honey drink.,FOOD & DRINK
What is the Scottish fizzy drink known as Scotland's other national drink?,Irn-Bru,Cola,Lemonade,Ginger ale,A,Irn-Bru is Scotland's favourite soft drink.,FOOD & DRINK
What is the traditional British pudding made with bread and jam?,Bread and butter pudding,Jam roly-poly,Treacle tart,Spotted dick,A,Bread and butter pudding is baked bread with custard.,FOOD & DRINK
What is the British dish of grilled meat on a stick at a barbecue?,Kebab,Sausage,Burger,Steak,A,Kebabs are grilled meat on skewers.,FOOD & DRINK
What is the traditional British cake with sultanas and glacé cherries?,Madeira cake,Fruit cake,Carrot cake,Coffee cake,B,Fruit cake is packed with dried fruit.,FOOD & DRINK
What is the British term for a small cake?,Bun,Cookie,Cupcake,Brownie,A,A bun is a small British cake or bread roll.,FOOD & DRINK
Which country invented the game of football (soccer)?,England,Brazil,Italy,Germany,A,Modern football rules were codified in England in 1863.,UK SPORT
In which year was the Football Association founded?,1863,1888,1904,1872,A,The FA was founded in 1863 in London.,UK SPORT
What is the oldest football competition in the world?,The FA Cup,The Premier League,The Champions League,The World Cup,A,The FA Cup began in 1871.,UK SPORT
Which club has won the most FA Cups?,Arsenal,Manchester United,Liverpool,Chelsea,A,Arsenal have won the FA Cup 14 times.,UK SPORT
Which club has won the most Premier League titles?,Manchester United,Liverpool,Arsenal,Chelsea,A,Manchester United have won 20 top-flight titles.,UK SPORT
Which club has won the most European Cups in England?,Liverpool,Manchester United,Nottingham Forest,Chelsea,A,Liverpool have won six European Cups.,UK SPORT
Which year did England win the World Cup?,1966,1962,1970,1958,A,England beat West Germany 4-2 in 1966.,UK SPORT
Who scored a hat-trick in the 1966 World Cup final?,Geoff Hurst,Bobby Charlton,Bobby Moore,Gordon Banks,A,Geoff Hurst scored a hat-trick.,UK SPORT
Who was the England captain in the 1966 World Cup final?,Bobby Moore,Bobby Charlton,Gordon Banks,Geoff Hurst,A,Bobby Moore lifted the trophy.,UK SPORT
Who was the manager of England in 1966?,Alf Ramsey,Walter Winterbottom,Ron Greenwood,Don Revie,A,Alf Ramsey managed the 1966 side.,UK SPORT
Which football club is nicknamed the Red Devils?,Manchester United,Liverpool,Arsenal,Chelsea,A,Manchester United are the Red Devils.,UK SPORT
Which football club is nicknamed the Gunners?,Arsenal,Manchester City,Tottenham,Everton,A,Arsenal are the Gunners.,UK SPORT
Which football club is nicknamed the Blues?,Chelsea,Liverpool,Manchester United,Arsenal,A,Chelsea are the Blues.,UK SPORT
Which football club is nicknamed the Toffees?,Everton,Liverpool,Newcastle,Aston Villa,A,Everton are the Toffees.,UK SPORT
Which football club plays at Anfield?,Liverpool,Everton,Manchester United,Arsenal,A,Liverpool play at Anfield.,UK TV & FILM
Which football club plays at Old Trafford?,Manchester United,Manchester City,Everton,Liverpool,A,Manchester United play at Old Trafford.,UK TV & FILM
Which football club plays at the Etihad?,Manchester City,Manchester United,Liverpool,Chelsea,A,Manchester City play at the Etihad Stadium.,UK TV & FILM
Which football club plays at St James' Park?,Newcastle United,Sunderland,Middlesbrough,Leeds,A,Newcastle play at St James' Park.,UK TV & FILM
Which football club plays at Villa Park?,Aston Villa,Birmingham City,West Brom,Wolves,A,Aston Villa play at Villa Park.,UK TV & FILM
Which football club plays at Goodison Park?,Everton,Liverpool,Liverpool's rivals,Wrexham,A,Everton play at Goodison Park.,UK TV & FILM
Which London football club plays at Craven Cottage?,Fulham,Chelsea,Arsenal,Brentford,A,Fulham play at Craven Cottage.,UK TV & FILM
Which London football club plays at the Tottenham Hotspur Stadium?,Tottenham Hotspur,Arsenal,West Ham,Crystal Palace,A,Spurs play at the Tottenham Hotspur Stadium.,UK TV & FILM
Which club is known as the Baggies?,West Bromwich Albion,Birmingham City,Wolves,Stoke,A,West Brom are the Baggies.,UK SPORT
Which club is nicknamed the Canaries?,Norwich City,Ipswich Town,Brighton,Southampton,A,Norwich are the Canaries.,UK SPORT
Which club is nicknamed the Seagulls?,Brighton & Hove Albion,Bournemouth,Southampton,Portsmouth,A,Brighton are the Seagulls.,UK SPORT
Which club is nicknamed the Hammers?,West Ham United,Tottenham,Chelsea,Millwall,A,West Ham are the Hammers.,UK SPORT
Which club is nicknamed the Magpies?,Newcastle United,Sunderland,Blackburn,Bolton,A,Newcastle are the Magpies.,UK SPORT
Which club is nicknamed the Owls?,Sheffield Wednesday,Sheffield United,Leeds United,Huddersfield,A,Sheffield Wednesday are the Owls.,UK SPORT
Which club is nicknamed the Blades?,Sheffield United,Sheffield Wednesday,Nottingham Forest,Derby,A,Sheffield United are the Blades.,UK SPORT
Which club is nicknamed the Rams?,Derby County,Nottingham Forest,Leicester,Coventry,A,Derby County are the Rams.,UK SPORT
Which club is nicknamed the Foxes?,Leicester City,Nottingham Forest,Derby,Coventry,A,Leicester City are the Foxes.,UK SPORT
Which club is nicknamed the Villans?,Aston Villa,Birmingham City,Wolves,West Brom,A,Aston Villa are the Villans.,UK SPORT
Which club is nicknamed the Cottagers?,Fulham,Chelsea,Brentford,QPR,A,Fulham are the Cottagers.,UK SPORT
Which club is nicknamed the Eagles?,Crystal Palace,Arsenal,Tottenham,West Ham,A,Crystal Palace are the Eagles.,UK SPORT
Which club is nicknamed the Toon Army's team?,Newcastle United,Sunderland,Middlesbrough,Durham,A,Newcastle are supported by the Toon Army.,UK SPORT
Who is the all-time leading scorer in the Premier League?,Alan Shearer,Wayne Rooney,Harry Kane,Andy Cole,A,Alan Shearer scored 260 Premier League goals.,UK SPORT
Which English striker scored 260 Premier League goals for Blackburn and Newcastle?,Alan Shearer,Wayne Rooney,Michael Owen,Teddy Sheringham,A,Alan Shearer holds the Premier League record.,UK SPORT
Who is England's all-time leading men's goalscorer?,Harry Kane,Wayne Rooney,Bobby Charlton,Gary Lineker,A,Harry Kane passed Rooney's record in 2023.,UK SPORT
Which goalkeeper kept a famous save from Pelé in the 1970 World Cup?,Gordon Banks,Peter Shilton,David Seaman,Ray Clemence,A,Banks made the famous save against Brazil.,UK SPORT
Which football club won the first Premier League title in 1993?,Manchester United,Liverpool,Arsenal,Leeds,A,Manchester United won the inaugural Premier League.,UK SPORT
Which club completed the Premier League's unbeaten season in 2004?,Arsenal,Chelsea,Manchester United,Liverpool,A,Arsenal's Invincibles went unbeaten in 2003-04.,UK SPORT
Which club went unbeaten through the 2003-04 Premier League season?,Arsenal,Manchester United,Chelsea,Liverpool,A,Arsenal earned the nickname the Invincibles.,UK SPORT
Which British driver has won the most Formula One world titles?,Lewis Hamilton,Jim Clark,Nigel Mansell,Damon Hill,A,Hamilton has won seven world titles.,UK SPORT
How many Formula One world titles has Lewis Hamilton won?,Seven,Five,Six,Eight,A,Hamilton matched Schumacher's record of seven.,UK SPORT
Which British driver is a seven-time world champion?,Lewis Hamilton,Jenson Button,Nigel Mansell,Graham Hill,A,"Hamilton won titles in 2008, 2014-2020.",UK SPORT
Which British tennis player won Wimbledon multiple times in the 2010s?,Andy Murray,Tim Henman,Greg Rusedski,Dan Evans,A,Murray won Wimbledon in 2013 and 2016.,UK SPORT
Who was the last British man to win Wimbledon before Andy Murray?,Fred Perry,Tim Henman,Roger Taylor,John Lloyd,A,Fred Perry won in 1936.,UK SPORT
Which British woman won Wimbledon in 1977?,Virginia Wade,Sue Barker,Ann Jones,Jo Durie,A,Virginia Wade won Wimbledon in 1977.,UK SPORT
Which British tennis player won the US Open in 2021?,Emma Raducanu,Katie Boulter,Heather Watson,Johanna Konta,A,Raducanu won the US Open as a qualifier.,UK SPORT
Which sport is played at Lord's?,Cricket,Tennis,Rugby,Football,A,Lord's is the home of cricket.,UK TV & FILM
Which sport is played at Twickenham?,Rugby union,Cricket,Football,Hockey,A,Twickenham is the home of English rugby.,UK TV & FILM
Which sport is played at Wembley Stadium?,Football,Cricket,Rugby,Athletics,A,Wembley is England's national football stadium.,UK TV & FILM
Which sport is played at The Oval?,Cricket,Football,Rugby,Tennis,A,The Oval is a cricket ground in London.,UK TV & FILM
Which sport is played at the Crucible Theatre in Sheffield?,Snooker,Darts,Pool,Bowls,A,The Crucible hosts the World Snooker Championship.,UK TV & FILM
Which sport is played at Ally Pally in London each December?,Darts,Snooker,Boxing,Wrestling,A,Ally Pally hosts the PDC World Darts Championship.,UK TV & FILM
Which British sport is played on a pitch with goalposts and an oval ball?,Rugby,Football,Cricket,Hockey,A,Rugby uses an oval ball.,UK TV & FILM
What is the difference between rugby union and rugby league in team size?,15 vs 13 players,11 vs 15,13 vs 11,15 vs 14,A,"Union has 15 players, league has 13.",UK SPORT
Which British cyclist won the Tour de France four times?,Chris Froome,Bradley Wiggins,Geraint Thomas,Mark Cavendish,A,"Froome won the Tour in 2013, 2015, 2016 and 2017.",UK SPORT
Who was the first British winner of the Tour de France in 2012?,Bradley Wiggins,Chris Froome,Geraint Thomas,Tom Simpson,A,Wiggins won the Tour in 2012.,UK SPORT
Which British athlete won double Olympic gold in the 100m and 200m in 2012?,Usain Bolt,Linford Christie,Mo Farah,Dame Kelly Holmes,A,Usain Bolt won both in 2012.,UK SPORT
Which British distance runner won Olympic gold in the 5000m and 10000m in 2012 and 2016?,Mo Farah,Sebastian Coe,Steve Ovett,Paula Radcliffe,A,Mo Farah won four Olympic golds.,UK SPORT
Which British athlete is known as the fastest man in Britain?,Linford Christie,Dwain Chambers,Harry Aikines-Aryeetey,Jason Gardener,A,Christie won Olympic 100m gold in 1992.,UK SPORT
Which British boxer is known as the Gypsy King?,Tyson Fury,Anthony Joshua,David Haye,Frank Bruno,A,Tyson Fury is nicknamed the Gypsy King.,UK SPORT
Which British boxer won Olympic gold in 2012 at super-heavyweight?,Anthony Joshua,Tyson Fury,Dillian Whyte,Amir Khan,A,Joshua won gold at London 2012.,UK SPORT
Which British golfer won the 2016 Masters?,Danny Willett,Justin Rose,Rory McIlroy,Lee Westwood,A,Willett won the Masters in 2016.,UK SPORT
Which Northern Irish golfer has won four major championships?,Rory McIlroy,Graeme McDowell,Darren Clarke,Padraig Harrington,A,McIlroy has won four majors.,UK SPORT
Which Scottish golfer is nicknamed the Great White Shark?,Greg Norman,Colin Montgomerie,Sandy Lyle,Paul Lawrie,A,"Greg Norman, though Australian, is the Great White Shark.",UK SPORT
Which British Grand Prix circuit is home to the British GP?,Silverstone,Brands Hatch,Donington,Goodwood,A,Silverstone hosts the British Grand Prix.,UK SPORT
Which British motor racing team is based at Enstone in Oxfordshire?,Alpine (formerly Renault),McLaren,Williams,Red Bull,A,Enstone is the Alpine/Renault factory.,UK SPORT
Which British team has won the most Constructors' Championships in F1?,Ferrari,McLaren,Williams,Lotus,B,McLaren have won 9 constructors' titles.,UK SPORT
Which British rally driver is a four-time World Champion?,Colin McRae,Richard Burns,Sebastien Loeb,Kris Meeke,A,Colin McRae won the title in 1995.,UK SPORT
Which British motorcycle racer won multiple MotoGP titles?,Valentino Rossi,Jorge Lorenzo,Casey Stoner,Marc Marquez,A,"Valentino Rossi is Italian, not British.",UK SPORT
Which British Superbike racer is known as the Shakey?,Shane Byrne,Leon Haslam,Jonathan Rea,Tom Sykes,A,Shane Byrne is nicknamed Shakey.,UK SPORT
Which sport is the most popular in the UK by participation?,Swimming,Football,Cricket,Golf,A,Swimming is a hugely popular UK activity.,UK SPORT
Which British event is the world's largest mass-participation running race?,The London Marathon,The Great North Run,The Edinburgh Marathon,The Brighton Marathon,B,The Great North Run in Newcastle is the largest half marathon.,UK SPORT
Which British city hosts the Grand National horse race?,Liverpool,London,York,Cheltenham,A,The Grand National is run at Aintree in Liverpool.,UK SPORT
Which British racecourse hosts the Cheltenham Festival?,Cheltenham,Aintree,Ascot,Epsom,A,Cheltenham hosts the National Hunt festival.,UK SPORT
Which British racecourse hosts Royal Ascot?,Ascot,Epsom,Goodwood,Newmarket,A,Royal Ascot is held at Ascot.,UK SPORT
Which British racecourse hosts the Derby?,Epsom Downs,Ascot,Aintree,Cheltenham,A,The Epsom Derby is Britain's premier flat race.,UK SPORT
Which sport is played at the Cardiff Principality Stadium?,Rugby union,Cricket,Football,Golf,A,The Principality Stadium is home to Welsh rugby.,UK TV & FILM
Which country plays at Murrayfield?,Scotland,Wales,England,Ireland,A,Murrayfield is Scotland's rugby home.,UK TV & FILM
Which country plays rugby at the Aviva Stadium in Dublin?,Ireland,Scotland,Wales,England,A,Ireland play at the Aviva.,UK TV & FILM
"Which rugby competition is between England, Wales, Scotland, Ireland, France and Italy?",Six Nations,Five Nations,Tri Nations,Home Nations,A,The Six Nations is the annual championship.,UK SPORT
Which British team won the Premier League title in 2015-16 against all odds?,Leicester City,Manchester United,Liverpool,Arsenal,A,Leicester won the title in 2016.,UK SPORT
Which British club won the Champions League in 2019?,Liverpool,Manchester City,Tottenham,Chelsea,A,Liverpool beat Tottenham in the 2019 final.,UK SPORT
Which English club won the Champions League in 2021?,Chelsea,Manchester City,Liverpool,Manchester United,A,Chelsea beat Manchester City in the 2021 final.,UK SPORT
Which club completed the treble in 1999?,Manchester United,Arsenal,Liverpool,Chelsea,A,United won the treble in 1999.,UK SPORT
Which club won the treble in 2023?,Manchester City,Manchester United,Liverpool,Arsenal,A,City won the treble in 2023.,UK SPORT
Which goalkeeper is known as the Great Dane and played for Manchester United?,Peter Schmeichel,Edwin van der Sar,David de Gea,Fabien Barthez,A,Schmeichel was Danish and a United legend.,UK TV & FILM
Which British manager is known as the Special One?,José Mourinho,Alex Ferguson,Pep Guardiola,Arsène Wenger,A,Mourinho nicknamed himself the Special One.,UK SPORT
Which manager led Manchester United for 26 years?,Alex Ferguson,Matt Busby,Bill Shankly,Bob Paisley,A,Sir Alex Ferguson managed United from 1986 to 2013.,UK SPORT
Which manager is the most successful in Liverpool history?,Bob Paisley,Bill Shankly,Kenny Dalglish,Jürgen Klopp,A,Paisley won three European Cups with Liverpool.,UK SPORT
Which British Formula One driver was known as the Iceman?,Jenson Button,Damon Hill,Nigel Mansell,John Surtees,A,"The Iceman is Kimi Räikkönen, who is Finnish.",UK SPORT
Which British sportsperson is known as the Rocket in snooker?,Ronnie O'Sullivan,Stephen Hendry,Steve Davis,Jimmy White,A,Ronnie O'Sullivan is the Rocket.,UK SPORT
Which snooker player has the most World Championship titles?,Ronnie O'Sullivan,Stephen Hendry,Steve Davis,John Higgins,A,O'Sullivan has seven world titles.,UK SPORT
Which British darts player is known as the Power?,Phil Taylor,Eric Bristow,Michael van Gerwen,Gary Anderson,A,Phil Taylor is the Power.,UK SPORT
Which British darts player has won the most World Championships?,Phil Taylor,Eric Bristow,John Part,Raymond van Barneveld,A,Taylor won 16 world titles.,UK SPORT
Which British athlete won the 2012 Olympic heptathlon?,Jessica Ennis-Hill,Katarina Johnson-Thompson,Denise Lewis,Kelly Holmes,A,Jessica Ennis won gold at London 2012.,UK SPORT
Which British athlete won Olympic gold in the 2012 men's triple jump?,Greg Rutherford,Chris O'Hara,Jonathan Edwards,Phillips Idowu,A,Greg Rutherford won gold in 2012.,UK SPORT
Which British cyclist won gold in the men's road race at the 2012 Olympics?,Bradley Wiggins,Chris Froome,Mark Cavendish,Geraint Thomas,A,"Wiggins won the time trial, not the road race.",UK SPORT
Which British swimmer won multiple Olympic golds at Beijing 2008?,Rebecca Adlington,Sharron Davies,Duncan Goodhew,Mark Foster,A,Adlington won two golds in Beijing.,UK SPORT
Which British tennis player won the 2016 Olympic gold in singles?,Andy Murray,Tim Henman,Kyle Edmund,Dan Evans,A,Murray beat Del Potro for Olympic gold.,UK MUSIC
Which British race is the oldest in the world for rowing?,The Boat Race,The Head of the River,Henley Royal Regatta,The Diamond Sculls,A,The Oxford-Cambridge Boat Race began in 1829.,UK SPORT
Which two universities compete in the Boat Race?,Oxford and Cambridge,Oxford and Harvard,Cambridge and Yale,Durham and Oxford,A,Oxford and Cambridge race on the Thames.,UK SPORT
Which British football club is based in Glasgow and wears green?,Celtic,Rangers,Hearts,Hibs,A,Celtic wear green and white.,UK SPORT
Which Glasgow club wears blue and is nicknamed the Gers?,Rangers,Celtic,Partick Thistle,Queen's Park,A,Rangers are the Gers.,UK SPORT
Which Scottish club is the most successful by league titles?,Rangers,Celtic,Aberdeen,Hearts,A,Rangers have won more Scottish titles than any club.,UK SPORT
Which Welsh club plays in the English football league system?,Swansea City,Cardiff City,Newport County,All of the above,D,Several Welsh clubs play in the English leagues.,UK TV & FILM
Which British footballer is known as the greatest of all time by many?,Bobby Charlton,George Best,Sir Stanley Matthews,All of the above,D,Many legends are called the greatest.,UK SPORT
Which British sporting venue is the largest in the UK by capacity?,Wembley Stadium,Twickenham,Old Trafford,Murrayfield,A,"Wembley holds around 90,000.",UK SPORT
Which British event is the annual boat race on the River Thames?,The Boat Race,The Regatta,The Marathon,The Duck Race,A,The Boat Race is Oxford vs Cambridge.,UK SPORT
Which British athlete is a two-time Olympic champion in the 1500m?,Sebastian Coe,Steve Ovett,Mo Farah,Linford Christie,A,Seb Coe won 1500m gold in 1980 and 1984.,UK SPORT
Which British long-distance runner broke the women's marathon world record?,Paula Radcliffe,Kelly Holmes,Liz McColgan,Mary Rand,A,Paula Radcliffe set the world record in 2003.,UK SPORT
Which British cricketer is known as Jimmy?,James Anderson,Stuart Broad,Joe Root,Ben Stokes,A,James Anderson is known as Jimmy.,UK SPORT
Who is England's all-time leading Test wicket-taker?,James Anderson,Stuart Broad,Ian Botham,Fred Trueman,A,James Anderson took over 700 Test wickets.,UK SPORT
Which English cricketer was known as Botham?,Ian Botham,Andrew Flintoff,Kevin Pietersen,Alastair Cook,A,Ian Botham was a legendary all-rounder.,UK SPORT
Which English batsman is the leading Test run scorer for England?,Alastair Cook,Joe Root,Kevin Pietersen,Graham Gooch,A,"Cook scored over 12,000 Test runs.",UK SPORT
Which cricket competition is the oldest in the world?,The County Championship,The Ashes,The World Cup,The IPL,A,The County Championship began in 1890.,UK SPORT
What is the series of cricket matches between England and Australia called?,The Ashes,The Box,The Urn,The Crown,A,The Ashes is England vs Australia.,UK TV & FILM
Which trophy is contested in the England-Australia cricket series?,The Ashes,The Urn,The Shield,The Cup,A,The Ashes urn is the prize.,UK TV & FILM
Which English cricket ground is in North London?,Lord's,The Oval,Old Trafford,Headingley,A,"Lord's is in St John's Wood, north London.",UK SPORT
Which English cricket ground hosts the Oval Test?,The Oval,Lord's,Trent Bridge,Edgbaston,A,"The Oval is in Kennington, south London.",UK SPORT
Which British sport is known as the gentleman's game?,Cricket,Golf,Rugby,Tennis,A,Cricket is called the gentleman's game.,UK SPORT
Which British TV show follows the lives of the residents of Weatherfield?,Coronation Street,EastEnders,Emmerdale,Hollyoaks,A,Coronation Street is set in Weatherfield.,UK TV & FILM
Which British soap is set in Albert Square?,EastEnders,Coronation Street,Emmerdale,Hollyoaks,A,"EastEnders is set in Albert Square, Walford.",UK TV & FILM
Which British soap is set in the Yorkshire Dales?,Emmerdale,Coronation Street,EastEnders,Hollyoaks,A,Emmerdale is set in the Dales.,UK TV & FILM
Which soap opera is the longest-running in British TV?,Coronation Street,EastEnders,Emmerdale,Doctors,A,Coronation Street began in 1960.,UK TV & FILM
Which British TV show features a time-travelling alien called the Doctor?,Doctor Who,Sherlock,Downton Abbey,Black Mirror,A,Doctor Who is the BBC's time-travel series.,UK TV & FILM
Which actor played the Fourth Doctor?,Tom Baker,David Tennant,Matt Smith,Peter Capaldi,A,Tom Baker played the Fourth Doctor.,UK TV & FILM
Which actor played the Tenth Doctor?,David Tennant,Matt Smith,Christopher Eccleston,Peter Capaldi,A,David Tennant was the Tenth Doctor.,UK TV & FILM
Which British detective series stars Benedict Cumberbatch?,Sherlock,Morse,Poirot,Luther,A,Sherlock stars Cumberbatch as Holmes.,UK TV & FILM
Which British drama is set in a Yorkshire stately home before and after WWI?,Downton Abbey,Poldark,The Crown,Call the Midwife,A,Downton Abbey follows the Crawley family.,UK TV & FILM
Which British series covers the reign of Queen Elizabeth II?,The Crown,Downton Abbey,Victoria,Wolf Hall,A,The Crown dramatises Elizabeth II's reign.,UK TV & FILM
Which actor played the Queen in the early seasons of The Crown?,Claire Foy,Olivia Colman,Imelda Staunton,Vanessa Kirby,A,Claire Foy played the young Queen.,UK TV & FILM
Which British comedy follows the misadventures of Del Boy?,Only Fools and Horses,Fawlty Towers,The Office,Mr Bean,A,Only Fools and Horses stars Del Boy and Rodney.,UK TV & FILM
Who played Del Boy in Only Fools and Horses?,David Jason,John Challis,Nicholas Lyndhurst,Roger Lloyd-Pack,A,David Jason played Del Boy.,UK TV & FILM
Which British sitcom is set in a Torquay hotel?,Fawlty Towers,The Office,Blackadder,Porridge,A,Fawlty Towers is set in a hotel.,UK TV & FILM
Who created and starred in Fawlty Towers?,John Cleese,Rowan Atkinson,Ricky Gervais,David Jason,A,John Cleese wrote and starred in it.,UK TV & FILM
Which British comedian plays Mr Bean?,Rowan Atkinson,John Cleese,Ricky Gervais,Jimmy Carr,A,Rowan Atkinson is Mr Bean.,UK TV & FILM
Which British mockumentary is set in the Slough paper company?,The Office,Extras,Peep Show,Gavin and Stacey,A,The Office is set at Wernham Hogg.,UK SPORT
Who co-created and starred in the British The Office?,Ricky Gervais,Steve Coogan,Rob Brydon,David Mitchell,A,Ricky Gervais created the UK Office.,UK TV & FILM
Which British comedy follows characters in a fictional Swindon call centre?,The IT Crowd,Peep Show,Gavin and Stacey,Friday Night Dinner,A,The IT Crowd is set in a call centre.,UK TV & FILM
Which British sitcom stars David Mitchell and Robert Webb?,Peep Show,The IT Crowd,The Office,Black Books,A,Peep Show stars Mitchell and Webb.,UK TV & FILM
Which British comedy is set in Croydon and stars Romesh and Rob?,The Two Ronnies,Mock the Week,Live at the Apollo,Gavin and Stacey,A,Mock the Week is a panel show.,UK TV & FILM
Which British panel show is hosted by Alexander Armstrong?,Pointless,QI,Mock the Week,Would I Lie to You,A,Alexander Armstrong hosts Pointless.,UK TV & FILM
Which British quiz show is hosted by Stephen Fry and later Sandi Toksvig?,QI,University Challenge,Pointless,Only Connect,A,QI was hosted by Fry and later Toksvig.,UK TV & FILM
Which British quiz show is hosted by Bradley Walsh?,The Chase,Pointless,Tipping Point,Who Wants to Be a Millionaire,A,Bradley Walsh hosts The Chase.,UK TV & FILM
Who is the Chaser known as the Beast?,Mark Labbett,Shaun Wallace,Paul Sinha,Anne Hegerty,A,Mark Labbett is the Beast.,UK SPORT
Which British game show has contestants answer to win £1 million?,Who Wants to Be a Millionaire,The Chase,Pointless,Tipping Point,A,Millionaire offers a £1m jackpot.,UK TV & FILM
Which British children's TV show features a postman?,Postman Pat,Bob the Builder,Peppa Pig,Thomas the Tank Engine,A,Postman Pat delivers in Greendale.,UK TV & FILM
Which British children's character is a tank engine?,Thomas,Peppa,Paddington,Noddy,A,Thomas the Tank Engine is the famous engine.,UK TV & FILM
Which British cartoon features a family of anthropomorphic pigs?,Peppa Pig,Postman Pat,Shaun the Sheep,Fireman Sam,A,Peppa Pig is a children's favourite.,UK TV & FILM
Which British animated character is a bear from Peru?,Paddington,Winnie the Pooh,Rupert,Noddy,A,Paddington Bear came from Peru.,UK TV & FILM
Which British bear lives in the Hundred Acre Wood?,Winnie the Pooh,Paddington,Baloo,Rupert,A,Winnie the Pooh lives in the Hundred Acre Wood.,UK SPORT
Which British TV programme is a nature documentary series narrated by David Attenborough?,Planet Earth,The Blue Planet,Life on Earth,All of the above,D,Attenborough has narrated all these.,UK TV & FILM
Which British wildlife presenter is known as Sir Dave?,David Attenborough,Chris Packham,Steve Backshall,Huw Edwards,A,Sir David Attenborough is known as Sir Dave.,UK TV & FILM
Which British TV show is a cooking competition judged by Paul Hollywood and Prue Leith?,The Great British Bake Off,MasterChef,Come Dine with Me,Ready Steady Cook,A,Bake Off has the famous tent.,UK TV & FILM
Which British baking show has a famous white tent?,The Great British Bake Off,MasterChef,Bake Off: Professionals,The Great British Menu,A,The Bake Off tent is iconic.,UK SPORT
Which British cooking show is hosted by Gordon Ramsay?,Hell's Kitchen,MasterChef UK,The F Word,All of the above,D,Ramsay hosts all these shows.,UK SPORT
Which British talent show is judged by Simon Cowell?,Britain's Got Talent,The X Factor,Pop Idol,All of the above,D,Cowell has judged all these.,UK SPORT
Which British TV show features dragons investing in businesses?,Dragons' Den,The Apprentice,Shark Tank UK,The Apprentice: You're Fired,A,Dragons' Den features investors.,UK TV & FILM
Which British reality show is set in the jungle?,I'm a Celebrity... Get Me Out of Here,Big Brother,Love Island,Celebrity Big Brother,A,I'm a Celebrity is set in the jungle.,UK SPORT
Which British reality show is hosted by Ant and Dec?,I'm a Celebrity...,Love Island,Big Brother,Strictly Come Dancing,A,Ant and Dec host I'm a Celebrity.,UK SPORT
Which British dancing show pairs celebrities with professionals?,Strictly Come Dancing,Dancing on Ice,Got to Dance,So You Think You Can Dance,A,Strictly is the BBC's dancing show.,UK SPORT
Which British show is a singing competition for amateur choirs?,All Together Now,The Voice UK,The X Factor,Pop Idol,A,All Together Now is a choir competition.,UK SPORT
Which British TV series is about a small-town vicar?,Rev,The Vicar of Dibley,Grantchester,Father Brown,A,Rev stars Tom Hollander as a vicar.,UK TV & FILM
Which British detective series is set in the Cotswolds?,Midsomer Murders,Death in Paradise,Vera,Silent Witness,A,Midsomer Murders is set in the Cotswolds.,UK TV & FILM
Which British detective series is set on a Caribbean island?,Death in Paradise,Midsomer Murders,Broadchurch,Shetland,A,Death in Paradise is set in the Caribbean.,UK TV & FILM
Which British crime drama is set in a Dorset coastal town?,Broadchurch,Shetland,Vera,Luther,A,Broadchurch is set in Dorset.,UK TV & FILM
Which British detective series stars Idris Elba?,Luther,Sherlock,Broadchurch,Line of Duty,A,Idris Elba plays John Luther.,UK TV & FILM
Which British police series follows the anti-corruption unit AC-12?,Line of Duty,Luther,The Bill,Vera,A,Line of Duty centres on AC-12.,UK TV & FILM
Which British sci-fi series was created by Charlie Brooker?,Black Mirror,Doctor Who,Utopia,Electric Dreams,A,Black Mirror is Brooker's anthology.,UK TV & FILM
Which British comedy is set in a London flat shared by two flatmates?,Peep Show,The Office,The IT Crowd,Gavin and Stacey,A,Peep Show follows two flatmates.,UK TV & FILM
Which British sitcom features Bernard and Manny in a bookshop?,Black Books,Peep Show,The IT Crowd,Spaced,A,Black Books is set in a bookshop.,UK TV & FILM
Which British sitcom was written by and stars Simon Pegg and Jessica Hynes?,Spaced,Black Books,Peep Show,The Office,A,Spaced stars Pegg and Hynes.,UK TV & FILM
Which British TV show is a panel show hosted by David Mitchell?,Would I Lie to You,QI,Mock the Week,8 Out of 10 Cats,A,David Mitchell hosts Would I Lie to You.,UK TV & FILM
Which British panel show features Rob Brydon and Lee Mack?,Would I Lie to You,QI,Mock the Week,The Big Fat Quiz,A,Brydon and Mack are team captains.,UK TV & FILM
Which British comedy is set in a Devon seaside town and stars Dawn French?,The Vicar of Dibley,French and Saunders,Jam and Jerusalem,Absolutely Fabulous,A,The Vicar of Dibley stars Dawn French.,UK TV & FILM
Which British comedy stars Jennifer Saunders and Joanna Lumley?,Absolutely Fabulous,The Vicar of Dibley,Birds of a Feather,Keeping Up Appearances,A,Ab Fab stars Saunders and Lumley.,UK TV & FILM
Which British sitcom features Hyacinth Bucket?,Keeping Up Appearances,Absolutely Fabulous,One Foot in the Grave,Waiting for God,A,Keeping Up Appearances stars Patricia Routledge.,UK TV & FILM
Which British sitcom stars Richard Wilson as Victor Meldrew?,One Foot in the Grave,Keeping Up Appearances,Only Fools and Horses,Porridge,A,One Foot in the Grave stars Wilson.,UK TV & FILM
Which British comedy features Victor Meldrew's catchphrase?,I don't believe it,Oh dear,How lovely,Marvellous,A,Victor Meldrew says I don't believe it.,UK TV & FILM
Which British TV series is a medieval comedy set in a royal court?,Blackadder,Monty Python,The Goodies,Fawlty Towers,A,Blackadder is set across history.,UK TV & FILM
Which British comedy troupe made The Holy Grail?,Monty Python,The Goodies,The Two Ronnies,Little Britain,A,Monty Python made The Holy Grail.,UK TV & FILM
Which British comedy features the catchphrase Yeah but no but?,Little Britain,The Catherine Tate Show,The Fast Show,Harry Enfield,A,Little Britain's Vicky Pollard says it.,UK TV & FILM
Which British character is known for Am I bovvered?,Catherine Tate's Lauren,Little Britain's Vicky,Ali G,Nessa,A,Catherine Tate's Lauren says Am I bovvered.,UK TV & FILM
Which British TV show is a historical comedy about the Bard?,Upstart Crow,Blackadder,The Crown,Wolf Hall,A,Upstart Crow is about Shakespeare.,UK TV & FILM
Which British sci-fi comedy is set in a spaceship called Red Dwarf?,Red Dwarf,Doctor Who,Star Cops,Blake's 7,A,Red Dwarf follows the crew of the ship.,UK TV & FILM
Which British actor played the title role in the TV series Doc Martin?,Martin Clunes,John Nettles,Neil Morrissey,Robson Green,A,Martin Clunes stars as Doc Martin.,UK TV & FILM
Which British TV drama follows midwives in 1950s London?,Call the Midwife,Downton Abbey,The Crown,Peaky Blinders,A,Call the Midwife is set in Poplar.,UK TV & FILM
Which British gangster drama is set in Birmingham after WWI?,Peaky Blinders,The Krays,Gangs of London,Top Boy,A,Peaky Blinders stars Cillian Murphy.,UK TV & FILM
Which British actor plays Tommy Shelby in Peaky Blinders?,Cillian Murphy,Tom Hardy,Paul Anderson,Joe Cole,A,Cillian Murphy plays Tommy Shelby.,UK TV & FILM
Which British drug drama is set in Hackney?,Top Boy,Peaky Blinders,The Wire,Line of Duty,A,Top Boy is set in Hackney.,UK TV & FILM
Which British comedy is about a dysfunctional family called the Grobans?,Friday Night Dinner,Peep Show,The Inbetweeners,Gavin and Stacey,A,Friday Night Dinner follows the Grobans.,UK TV & FILM
Which British comedy follows four teenagers at Rudge Park school?,The Inbetweeners,Friday Night Dinner,Peep Show,The Office,A,The Inbetweeners is set at a school.,UK TV & FILM
Which British actor plays Will in The Inbetweeners?,Simon Bird,Joe Thomas,James Buckley,Blake Harrison,A,Simon Bird plays Will.,UK TV & FILM
Which British sitcom is set in Barry and Essex?,Gavin and Stacey,The Inbetweeners,Only Fools and Horses,Mrs Brown's Boys,A,Gavin and Stacey is set in Barry.,UK TV & FILM
Which British comedy stars Brendan O'Carroll as a Dublin matriarch?,Mrs Brown's Boys,Gavin and Stacey,Father Ted,The Young Ones,A,Mrs Brown's Boys stars O'Carroll.,UK TV & FILM
Which British sitcom is set on a council estate in London?,Only Fools and Horses,Peep Show,Friday Night Dinner,The IT Crowd,A,Only Fools and Horses is set in Peckham.,UK TV & FILM
Which British comedy is set in Peckham?,Only Fools and Horses,EastEnders,Gavin and Stacey,Coronation Street,A,Only Fools and Horses is set in Peckham.,UK TV & FILM
Which British actor played Rodney in Only Fools and Horses?,Nicholas Lyndhurst,David Jason,John Challis,Roger Lloyd-Pack,A,Nicholas Lyndhurst played Rodney.,UK TV & FILM
Which British TV show is about a dysfunctional medical team?,Green Wing,Casualty,Holby City,ER,A,Green Wing is a comedy set in a hospital.,UK TV & FILM
Which British medical drama is set in Holby?,Holby City,Casualty,Doctors,Peak Practice,A,Holby City is set in a hospital.,UK TV & FILM
Which British medical drama is set in an A&E department?,Casualty,Holby City,Doctors,Green Wing,A,Casualty is set in A&E.,UK TV & FILM
Which British soap is set in Hollyoaks village?,Hollyoaks,EastEnders,Coronation Street,Emmerdale,A,Hollyoaks is set in the village of Hollyoaks.,UK TV & FILM
Which British TV show follows a family at a zoo?,Our Zoo,The Zoo,Animal Park,Meerkat Manor,A,Our Zoo is a drama about a zoo.,UK TV & FILM
Which British quiz show is hosted by Sandi Toksvig?,QI,Pointless,The Chase,University Challenge,A,Sandi Toksvig took over QI.,UK TV & FILM
Which British TV presenter is known as the Blue Peter legend?,Valerie Singleton,John Noakes,Peter Purves,All of the above,D,All are Blue Peter legends.,UK TV & FILM
Which British children's show features a red car called Brum?,Brum,Fireman Sam,Bob the Builder,Pingu,A,Brum is about a little red car.,UK TV & FILM
Which British show features a stop-motion sheep?,Shaun the Sheep,Pingu,Wallace and Gromit,Chicken Run,A,Shaun the Sheep is a stop-motion show.,UK SPORT
Which British animation features Wallace and Gromit?,Aardman Animations,Disney,Pixar,Studio Ghibli,A,Wallace and Gromit are made by Aardman.,UK SPORT
Which British studio made Chicken Run?,Aardman,Framestore,Double Negative,Ilm,A,Aardman made Chicken Run.,UK SPORT
Which British film features a character called Paddington?,Paddington,The Gruffalo,Babe,Nanny McPhee,A,Paddington is a beloved British film.,UK TV & FILM
Which British actor voiced Paddington?,Ben Whishaw,Hugh Bonneville,Colin Firth,Sally Hawkins,A,Ben Whishaw voices Paddington.,UK TV & FILM
Which British comedy film features the character Brian?,Life of Brian,The Holy Grail,The Meaning of Life,And Now for Something Different,A,Monty Python's Life of Brian is a classic.,UK TV & FILM
Which British film series follows a spy called Harry?,Harry Potter,James Bond,Jason Bourne,Jack Ryan,A,Harry Potter is the boy wizard.,UK TV & FILM
Which British spy is known by the code 007?,James Bond,George Smiley,Harry Palmer,John Steed,A,James Bond is 007.,UK SPORT
Which British actor was the first on-screen James Bond?,Sean Connery,Roger Moore,David Niven,Pierce Brosnan,A,Sean Connery was the first film Bond.,UK TV & FILM
Which British actor played James Bond in Dr No?,Sean Connery,Daniel Craig,George Lazenby,Timothy Dalton,A,Connery starred in Dr No (1962).,UK TV & FILM
Which British actor played the ninth Doctor Who?,Christopher Eccleston,David Tennant,Matt Smith,Paul McGann,A,Eccleston revived Doctor Who in 2005.,UK TV & FILM
Which British sitcom follows the staff of a Wernham Hogg paper company?,The Office,The IT Crowd,Peep Show,Extras,A,The Office is set at Wernham Hogg.,UK TV & FILM
Which British actor played David Brent?,Ricky Gervais,Steve Carell,Martin Freeman,Mackenzie Crook,A,Ricky Gervais plays David Brent.,UK TV & FILM
Which British comedy features the catchphrase Lovely jubbly?,Only Fools and Horses,Gavin and Stacey,The Inbetweeners,Fawlty Towers,A,Del Boy says Lovely jubbly.,UK TV & FILM
Which British TV show is a period drama set in a Yorkshire mining village?,The Full Monty,Downton Abbey,Poldark,Victoria,A,The Full Monty is a film set in Sheffield.,UK TV & FILM
Which British film follows unemployed steel workers who become strippers?,The Full Monty,Billy Elliot,Trainspotting,Brassed Off,A,The Full Monty is set in Sheffield.,UK TV & FILM
Which British film follows a boy who wants to be a ballet dancer?,Billy Elliot,The Full Monty,Kes,This Is England,A,Billy Elliot is set in County Durham.,UK TV & FILM
Which British band is known as the Fab Four?,The Beatles,The Rolling Stones,The Who,Queen,A,The Beatles are the Fab Four.,UK MUSIC
Which British band released the album Sgt. Pepper's Lonely Hearts Club Band?,The Beatles,The Rolling Stones,The Kinks,The Who,A,The Beatles released Sgt. Pepper in 1967.,UK MUSIC
Which British singer is known as the Queen of Soul?,Aretha Franklin,Adele,Amy Winehouse,Dusty Springfield,A,"Aretha Franklin, though American, is the Queen of Soul.",UK MUSIC
Which British band was fronted by Freddie Mercury?,Queen,The Beatles,The Rolling Stones,Pink Floyd,A,Queen was fronted by Freddie Mercury.,UK MUSIC
Which British singer sang Bohemian Rhapsody?,Freddie Mercury,David Bowie,Elton John,Mick Jagger,A,Freddie Mercury sang it with Queen.,UK MUSIC
Which British band released Dark Side of the Moon?,Pink Floyd,The Beatles,Led Zeppelin,Genesis,A,Pink Floyd released it in 1973.,UK MUSIC
Which British band was led by Robert Plant?,Led Zeppelin,Pink Floyd,The Who,The Kinks,A,Led Zeppelin was fronted by Plant.,UK MUSIC
Which British singer is known as the Thin White Duke?,David Bowie,Elton John,Freddie Mercury,Phil Collins,A,David Bowie was the Thin White Duke.,UK MUSIC
Which British singer wrote Space Oddity?,David Bowie,Elton John,George Harrison,Sting,A,David Bowie wrote Space Oddity.,UK MUSIC
Which British band released the album The Joshua Tree?,U2,Coldplay,Radiohead,Oasis,A,"U2, though Irish, released The Joshua Tree.",UK MUSIC
Which British band released Definitely Maybe in 1994?,Oasis,Blur,Pulp,Suede,A,Oasis released Definitely Maybe.,UK MUSIC
Which two bands were rivals in the Britpop era?,Oasis and Blur,Oasis and Radiohead,Blur and Pulp,Suede and Oasis,A,Oasis and Blur were the big Britpop rivals.,UK MUSIC
Which British band released OK Computer?,Radiohead,Coldplay,Muse,The Verve,A,Radiohead released OK Computer in 1997.,UK MUSIC
Which British singer released the album 21?,Adele,Amy Winehouse,Dua Lipa,Jessie J,A,Adele released 21 in 2011.,UK MUSIC
Which British singer won the Grammy for the album 25?,Adele,Dua Lipa,Sam Smith,Ed Sheeran,A,Adele won Album of the Year for 25.,UK MUSIC
Which British singer is known for Thinking Out Loud?,Ed Sheeran,Sam Smith,James Blunt,George Michael,A,Ed Sheeran sang Thinking Out Loud.,UK MUSIC
Which British band released the album A Rush of Blood to the Head?,Coldplay,Radiohead,Muse,Keane,A,Coldplay released it in 2002.,UK MUSIC
Which British group is known for the hit Wannabe?,Spice Girls,Girls Aloud,All Saints,Sugababes,A,The Spice Girls sang Wannabe.,UK MUSIC
Which British girl group had the nickname the Spice Girls?,All Saints,Girls Aloud,Sugababes,The Spice Girls,D,The Spice Girls had nicknames like Posh and Scary.,UK SPORT
Which British band is fronted by Liam Gallagher?,Oasis,Blur,The Stone Roses,Pulp,A,Oasis was fronted by the Gallagher brothers.,UK MUSIC
Which British singer is known as the Manic Street Preachers frontman?,James Dean Bradfield,Nicky Wire,Richey Edwards,Sean Moore,A,James Dean Bradfield fronts the Manics.,UK MUSIC
Which British band released the album Parklife?,Blur,Oasis,Pulp,Suede,A,Blur released Parklife in 1994.,UK MUSIC
Which British singer is known for the album Back to Black?,Amy Winehouse,Adele,Duffy,Paloma Faith,A,Amy Winehouse released Back to Black.,UK MUSIC
Which British singer is known for the song Rehab?,Amy Winehouse,Adele,Lily Allen,Kate Nash,A,Amy Winehouse sang Rehab.,UK MUSIC
Which British band released the album Brothers in Arms?,Dire Straits,Pink Floyd,Genesis,The Police,A,Dire Straits released it in 1985.,UK MUSIC
Which British band was fronted by Mark Knopfler?,Dire Straits,Fleetwood Mac,The Police,The Boomtown Rats,A,Mark Knopfler fronts Dire Straits.,UK MUSIC
Which British singer is known as the Queen of Pop?,Madonna,Kylie Minogue,Cher,Dolly Parton,A,"Madonna, though American, is the Queen of Pop.",UK MUSIC
Which British musician was in the band Take That?,Robbie Williams,Gary Barlow,Mark Owen,All of the above,D,All were in Take That.,UK MUSIC
Which British singer was a member of Take That and later went solo?,Robbie Williams,Gary Barlow,George Michael,Sting,A,Robbie Williams left Take That for a solo career.,UK MUSIC
Which British band released the album Urban Hymns?,The Verve,Radiohead,Coldplay,Muse,A,The Verve released Urban Hymns.,UK MUSIC
Which British band is known for the hit Bitter Sweet Symphony?,The Verve,Oasis,Blur,The Stone Roses,A,The Verve sang Bitter Sweet Symphony.,UK MUSIC
Which British singer is known for the album Songs of Ascent?,U2,Coldplay,Radiohead,Muse,A,U2 released Songs of Ascent.,UK MUSIC
Which British band released the album Ghost Stories?,Coldplay,Radiohead,Muse,The 1975,A,Coldplay released Ghost Stories.,UK MUSIC
Which British singer is known for the song Someone Like You?,Adele,Dua Lipa,Jessie Ware,Paloma Faith,A,Adele sang Someone Like You.,UK MUSIC
Which British band released the album Achtung Baby?,U2,Coldplay,Radiohead,Depeche Mode,A,U2 released Achtung Baby.,UK MUSIC
Which British band is known for the song Enjoy the Silence?,Depeche Mode,New Order,The Cure,Pet Shop Boys,A,Depeche Mode sang Enjoy the Silence.,UK MUSIC
Which British band released the album Blue Monday?,New Order,Depeche Mode,The Cure,Joy Division,A,New Order released Blue Monday.,UK MUSIC
Which British band was formed by Ian Curtis?,Joy Division,New Order,The Cure,The Smiths,A,Ian Curtis fronted Joy Division.,UK MUSIC
Which British band is fronted by Morrissey?,The Smiths,The Cure,Depeche Mode,Joy Division,A,Morrissey fronted The Smiths.,UK MUSIC
Which British singer is known for the song Fields of Gold?,Sting,Phil Collins,Rod Stewart,Elton John,A,Sting sang Fields of Gold.,UK MUSIC
Which British band released the album Synchronicity?,The Police,Genesis,Dire Straits,The Who,A,The Police released Synchronicity.,UK MUSIC
Which British singer is known for the album Purple Rain?,Prince,Michael Jackson,George Michael,Stevie Wonder,A,"Prince, though American, released Purple Rain.",UK MUSIC
Which British band is known for the song Wonderwall?,Oasis,Blur,Pulp,The Verve,A,Oasis sang Wonderwall.,UK MUSIC
Which British singer is known for the song Candle in the Wind?,Elton John,George Michael,Sting,Rod Stewart,A,Elton John sang Candle in the Wind.,UK MUSIC
Which British band released the album The Wall?,Pink Floyd,Queen,Genesis,Led Zeppelin,A,Pink Floyd released The Wall.,UK MUSIC
Which British band is known for the song Another Brick in the Wall?,Pink Floyd,Queen,The Who,Deep Purple,A,Pink Floyd sang it.,UK MUSIC
Which British singer is known as the Manic Street Preachers?,James Dean Bradfield,Nicky Wire,Richey Edwards,All of the above,D,All are in the Manics.,UK MUSIC
Which British band released the album Abbey Road?,The Beatles,The Rolling Stones,The Who,Pink Floyd,A,The Beatles released Abbey Road.,UK MUSIC
Which British band released the album Let It Bleed?,The Rolling Stones,The Beatles,The Who,The Kinks,A,The Stones released Let It Bleed.,UK MUSIC
Which British band is fronted by Mick Jagger?,The Rolling Stones,The Beatles,The Who,The Kinks,A,Mick Jagger fronts the Stones.,UK MUSIC
Which British singer is known for the song Rocket Man?,Elton John,David Bowie,Rod Stewart,Cliff Richard,A,Elton John sang Rocket Man.,UK MUSIC
Which British singer is known for the song Dancing Queen?,ABBA,The Bee Gees,The Spice Girls,Girls Aloud,A,"ABBA, though Swedish, sang Dancing Queen.",UK MUSIC
Which British band released the album Out of Time?,R.E.M.,U2,Radiohead,Coldplay,A,"R.E.M., though American, released Out of Time.",UK MUSIC
Which British singer is known for the album Faith?,George Michael,Elton John,Sting,Rod Stewart,A,George Michael released Faith.,UK MUSIC
Which British band released the album Automatic for the People?,R.E.M.,U2,Radiohead,Coldplay,A,R.E.M. released it in 1992.,UK MUSIC
Which British singer is known for the song Shape of You?,Ed Sheeran,Sam Smith,James Arthur,Craig David,A,Ed Sheeran sang Shape of You.,UK MUSIC
Which British singer is known for the song Rolling in the Deep?,Adele,Dua Lipa,Jessie J,Amy Winehouse,A,Adele sang Rolling in the Deep.,UK MUSIC
Which British band released the album The Bends?,Radiohead,Coldplay,Muse,The Verve,A,Radiohead released The Bends.,UK MUSIC
Which British singer is known for the song Stayin' Alive?,The Bee Gees,ABBA,The Spice Girls,Boney M,A,"The Bee Gees, though Australian, sang Stayin' Alive.",UK MUSIC
Which British band is known for the song Sympathy for the Devil?,The Rolling Stones,The Beatles,The Who,The Kinks,A,The Stones sang it.,UK MUSIC
Which British singer is known for the album Low?,David Bowie,Elton John,George Michael,Phil Collins,A,David Bowie released Low.,UK MUSIC
Which British band released the album Wish You Were Here?,Pink Floyd,Queen,Led Zeppelin,Genesis,A,Pink Floyd released it in 1975.,UK MUSIC
Which British band is known for the song Stairway to Heaven?,Led Zeppelin,Pink Floyd,Deep Purple,Black Sabbath,A,Led Zeppelin sang Stairway to Heaven.,UK MUSIC
Which British singer is known for the song Your Song?,Elton John,David Bowie,Rod Stewart,Cliff Richard,A,Elton John sang Your Song.,UK MUSIC
Which British band released the album Nevermind?,Nirvana,The Beatles,Oasis,Radiohead,A,"Nirvana, though American, released Nevermind.",UK MUSIC
Which British singer is known for the song Sweet Dreams?,The Eurythmics,Pet Shop Boys,Duran Duran,Spandau Ballet,A,The Eurythmics sang Sweet Dreams.,UK MUSIC
Which British band released the album Rio?,Duran Duran,Spandau Ballet,The Eurythmics,Wham!,A,Duran Duran released Rio.,UK MUSIC
Which British band is known for the song Careless Whisper?,George Michael (Wham!),Duran Duran,Spandau Ballet,The Eurythmics,A,George Michael sang Careless Whisper.,UK MUSIC
Which British singer is known for the album Thriller?,Michael Jackson,Prince,George Michael,Stevie Wonder,A,"Michael Jackson, though American, released Thriller.",UK MUSIC
Which British band released the album The Number of the Beast?,Iron Maiden,Judas Priest,Saxon,Motörhead,A,Iron Maiden released it in 1982.,UK MUSIC
Which British heavy metal band is fronted by Bruce Dickinson?,Iron Maiden,Judas Priest,Saxon,Black Sabbath,A,Bruce Dickinson fronts Iron Maiden.,UK MUSIC
Which British band released the album Paranoid?,Black Sabbath,Deep Purple,Led Zeppelin,Iron Maiden,A,Black Sabbath released Paranoid.,UK MUSIC
Which British singer is known for the song A Whiter Shade of Pale?,Procol Harum,The Moody Blues,The Kinks,The Animals,A,Procol Harum sang it.,UK MUSIC
Which British band released the album Days of Future Passed?,The Moody Blues,Procol Harum,The Kinks,The Yardbirds,A,The Moody Blues released it in 1967.,UK MUSIC
Which British singer is known for the song Penny Lane?,The Beatles,The Rolling Stones,The Kinks,The Who,A,The Beatles sang Penny Lane.,UK MUSIC
Which British band released the album Quadrophenia?,The Who,The Kinks,The Small Faces,The Jam,A,The Who released Quadrophenia.,UK MUSIC
Which British band is fronted by Roger Daltrey?,The Who,The Kinks,The Small Faces,The Jam,A,Roger Daltrey fronts The Who.,UK MUSIC
Which British singer is known for the song Lola?,The Kinks,The Who,The Small Faces,The Animals,A,The Kinks sang Lola.,UK MUSIC
Which British band released the album All Mod Cons?,The Jam,The Who,The Kinks,The Clash,A,The Jam released All Mod Cons.,UK MUSIC
Which British punk band released London Calling?,The Clash,The Sex Pistols,The Damned,The Buzzcocks,A,The Clash released London Calling.,UK MUSIC
Which British punk band released Never Mind the Bollocks?,The Sex Pistols,The Clash,The Damned,The Buzzcocks,A,The Sex Pistols released it in 1977.,UK MUSIC
Which British band is fronted by Joe Strummer?,The Clash,The Sex Pistols,The Jam,The Damned,A,Joe Strummer fronted The Clash.,UK MUSIC
Which British singer is known for the song Anarchy in the UK?,The Sex Pistols,The Clash,The Damned,The Buzzcocks,A,The Sex Pistols sang it.,UK MUSIC
Which British band released the album Different Class?,Pulp,Blur,Oasis,Suede,A,Pulp released Different Class.,UK MUSIC
Which British singer is known for the song Common People?,Pulp,Blur,Oasis,Suede,A,Pulp sang Common People.,UK MUSIC
Which British band released the album The Stone Roses?,The Stone Roses,Oasis,Blur,Pulp,A,The Stone Roses released their debut in 1989.,UK MUSIC
Which British band is known for the song Fools Gold?,The Stone Roses,The Happy Mondays,Oasis,Blur,A,The Stone Roses sang Fools Gold.,UK MUSIC
Which British band released the album Bummed?,The Happy Mondays,The Stone Roses,Oasis,Blur,A,The Happy Mondays released Bummed.,UK MUSIC
Which British singer is known for the song Karma Chameleon?,Culture Club,Duran Duran,Spandau Ballet,Wham!,A,Culture Club sang Karma Chameleon.,UK MUSIC
Which British band is fronted by Boy George?,Culture Club,Duran Duran,Spandau Ballet,Wham!,A,Boy George fronts Culture Club.,UK MUSIC
Which British band released the album True?,Spandau Ballet,Duran Duran,Culture Club,Wham!,A,Spandau Ballet released True.,UK MUSIC
Which British singer is known for the song Wake Me Up Before You Go-Go?,Wham!,Duran Duran,Spandau Ballet,Culture Club,A,Wham! sang it.,UK MUSIC
Which British band released the album Let's Dance?,David Bowie,Elton John,George Michael,Phil Collins,A,David Bowie released Let's Dance.,UK MUSIC
Which British singer is known for the song In the Air Tonight?,Phil Collins,Peter Gabriel,Sting,Rod Stewart,A,Phil Collins sang In the Air Tonight.,UK MUSIC
Which British band released the album Sledgehammer?,Peter Gabriel,Phil Collins,Sting,Rod Stewart,A,Peter Gabriel released Sledgehammer.,UK MUSIC
Which British singer is known for the song Englishman in New York?,Sting,Phil Collins,Peter Gabriel,Elton John,A,Sting sang Englishman in New York.,UK MUSIC
Which British band released the album Every Breath You Take?,The Police,Genesis,Dire Straits,The Who,A,The Police sang Every Breath You Take.,UK MUSIC
Which British band is fronted by Sting?,The Police,Genesis,Dire Straits,The Who,A,Sting was the bassist and frontman of The Police.,UK MUSIC
Which British band released the album Abacab?,Genesis,The Police,Dire Straits,Yes,A,Genesis released Abacab.,UK MUSIC
Which British band is fronted by Phil Collins?,Genesis,The Police,Dire Straits,Yes,A,Phil Collins fronted Genesis.,UK MUSIC
Which British band released the album Close to the Edge?,Yes,Genesis,King Crimson,Jethro Tull,A,Yes released Close to the Edge.,UK MUSIC
Which British band released the album Aqualung?,Jethro Tull,Yes,Genesis,King Crimson,A,Jethro Tull released Aqualung.,UK MUSIC
Which British singer is known for the song School?,Supertramp,Genesis,Yes,Jethro Tull,A,Supertramp sang School.,UK MUSIC
Which British band released the album Crime of the Century?,Supertramp,Genesis,Yes,Jethro Tull,A,Supertramp released it in 1974.,UK MUSIC
Which British band is fronted by Roger Waters?,Pink Floyd,Genesis,Yes,Supertramp,A,Roger Waters was a key member of Pink Floyd.,UK MUSIC
Which British singer is known for the song Comfortably Numb?,Pink Floyd,Queen,Genesis,Dire Straits,A,Pink Floyd sang Comfortably Numb.,UK MUSIC
Which British band released the album The Division Bell?,Pink Floyd,Queen,Genesis,Dire Straits,A,Pink Floyd released The Division Bell.,UK MUSIC
Which British band is known for the song We Are the Champions?,Queen,The Beatles,The Rolling Stones,The Who,A,Queen sang We Are the Champions.,UK MUSIC
Which British band released the album A Night at the Opera?,Queen,The Beatles,The Who,Pink Floyd,A,Queen released it in 1975.,UK MUSIC
Which British singer is known for the song Under Pressure?,Queen and David Bowie,Queen and Elton John,David Bowie and Elton John,Queen and Sting,A,Under Pressure is by Queen and David Bowie.,UK MUSIC
Which British band released the album Hot Space?,Queen,Pink Floyd,Genesis,Yes,A,Queen released Hot Space.,UK MUSIC
Which British singer is known for the song Radio Ga Ga?,Queen,The Beatles,The Rolling Stones,The Who,A,Queen sang Radio Ga Ga.,UK MUSIC
Which British band released the album Made in Heaven?,Queen,Pink Floyd,Genesis,Yes,A,Queen released Made in Heaven.,UK MUSIC
Which British singer is known for the song Don't Stop Me Now?,Queen,The Beatles,The Rolling Stones,The Who,A,Queen sang Don't Stop Me Now.,UK MUSIC
Which British band is known for the song Bohemian Rhapsody?,Queen,The Beatles,The Rolling Stones,The Who,A,Queen sang Bohemian Rhapsody.,UK MUSIC
Which British singer is known for the song Someone to Watch Over Me?,Ella Fitzgerald,Amy Winehouse,Diana Ross,Aretha Franklin,A,"Ella Fitzgerald, though American, sang it.",UK MUSIC
Which British band released the album Ziggy Stardust?,David Bowie,Elton John,The Who,Queen,A,David Bowie released Ziggy Stardust.,UK MUSIC
Which British singer is known for the song Starman?,David Bowie,Elton John,Freddie Mercury,Mick Jagger,A,David Bowie sang Starman.,UK MUSIC
Which British band released the album Hunky Dory?,David Bowie,Elton John,The Kinks,Queen,A,David Bowie released Hunky Dory.,UK MUSIC
Which British singer is known for the song Life on Mars?,David Bowie,Elton John,Freddie Mercury,Mick Jagger,A,David Bowie sang Life on Mars.,UK MUSIC
Which British band released the album Aladdin Sane?,David Bowie,Elton John,The Kinks,Queen,A,David Bowie released Aladdin Sane.,UK MUSIC
Which British singer is known for the song Heroes?,David Bowie,Elton John,Freddie Mercury,Mick Jagger,A,David Bowie sang Heroes.,UK MUSIC
Which British singer is known for the song Ashes to Ashes?,David Bowie,Elton John,Freddie Mercury,Mick Jagger,A,David Bowie sang Ashes to Ashes.,UK MUSIC
Which British band released the album Scary Monsters?,David Bowie,Elton John,The Kinks,Queen,A,David Bowie released Scary Monsters.,UK MUSIC
Which British singer is known for the song China Girl?,David Bowie,Elton John,Freddie Mercury,Mick Jagger,A,David Bowie sang China Girl.,UK MUSIC
Which British band released the album The Man Who Sold the World?,David Bowie,Elton John,The Kinks,Queen,A,David Bowie released The Man Who Sold the World.,UK MUSIC
Which British singer is known for the song Space Oddity?,David Bowie,Elton John,Freddie Mercury,Mick Jagger,A,David Bowie sang Space Oddity.,UK MUSIC
Which British band released the album Young Americans?,David Bowie,Elton John,The Kinks,Queen,A,David Bowie released Young Americans.,UK MUSIC
Which British singer is known for the song Fame?,David Bowie,Elton John,Freddie Mercury,Mick Jagger,A,David Bowie sang Fame.,UK MUSIC
Which British band released the album Station to Station?,David Bowie,Elton John,The Kinks,Queen,A,David Bowie released Station to Station.,UK MUSIC
Which British singer is known for the song Golden Years?,David Bowie,Elton John,Freddie Mercury,Mick Jagger,A,David Bowie sang Golden Years.,UK MUSIC
Which British band released the album The Rise and Fall of Ziggy Stardust?,David Bowie,Elton John,The Kinks,Queen,A,David Bowie released Ziggy Stardust in 1972.,UK MUSIC
Which British singer is known for the song Suffragette City?,David Bowie,Elton John,Freddie Mercury,Mick Jagger,A,David Bowie sang Suffragette City.,UK MUSIC
Which British band released the album Low?,David Bowie,Elton John,The Kinks,Queen,A,David Bowie released Low in 1977.,UK MUSIC
Which British singer is known for the song Sound and Vision?,David Bowie,Elton John,Freddie Mercury,Mick Jagger,A,David Bowie sang Sound and Vision.,UK MUSIC
"Which British band released the album Heroes""?""",David Bowie,Elton John,The Kinks,Queen,A,"David Bowie released Heroes"" in 1977.""",UK MUSIC
Which British singer is known for the song Boys Keep Swinging?,David Bowie,Elton John,Freddie Mercury,Mick Jagger,A,David Bowie sang Boys Keep Swinging.,UK MUSIC
Which British band released the album Lodger?,David Bowie,Elton John,The Kinks,Queen,A,David Bowie released Lodger.,UK MUSIC
Which British singer is known for the song DJ?,David Bowie,Elton John,Freddie Mercury,Mick Jagger,A,David Bowie sang DJ.,UK MUSIC
Which British singer is known for the song Modern Love?,David Bowie,Elton John,Freddie Mercury,Mick Jagger,A,David Bowie sang Modern Love.,UK MUSIC
Which British band released the album Tonight?,David Bowie,Elton John,The Kinks,Queen,A,David Bowie released Tonight.,UK MUSIC
Which British singer is known for the song Blue Jean?,David Bowie,Elton John,Freddie Mercury,Mick Jagger,A,David Bowie sang Blue Jean.,UK MUSIC
Which British band released the album Never Let Me Down?,David Bowie,Elton John,The Kinks,Queen,A,David Bowie released Never Let Me Down.,UK MUSIC
Which British singer is known for the song Day-In Day-Out?,David Bowie,Elton John,Freddie Mercury,Mick Jagger,A,David Bowie sang Day-In Day-Out.,UK MUSIC
Which British band released the album Tin Machine?,David Bowie,Elton John,The Kinks,Queen,A,David Bowie's band Tin Machine released it.,UK MUSIC
Which British singer is known for the song The Buddha of Suburbia?,David Bowie,Elton John,Freddie Mercury,Mick Jagger,A,David Bowie sang it.,UK MUSIC
Which British band released the album Outside?,David Bowie,Elton John,The Kinks,Queen,A,David Bowie released Outside.,UK MUSIC
Which British singer is known for the song Hallo Spaceboy?,David Bowie,Elton John,Freddie Mercury,Mick Jagger,A,David Bowie sang Hallo Spaceboy.,UK MUSIC
Which British band released the album Earthling?,David Bowie,Elton John,The Kinks,Queen,A,David Bowie released Earthling.,UK MUSIC
Which British singer is known for the song Little Wonder?,David Bowie,Elton John,Freddie Mercury,Mick Jagger,A,David Bowie sang Little Wonder.,UK MUSIC
Which British band released the album Hours?,David Bowie,Elton John,The Kinks,Queen,A,David Bowie released Hours.,UK MUSIC
Which British singer is known for the song Thursday's Child?,David Bowie,Elton John,Freddie Mercury,Mick Jagger,A,David Bowie sang Thursday's Child.,UK MUSIC
Which British band released the album Heathen?,David Bowie,Elton John,The Kinks,Queen,A,David Bowie released Heathen.,UK MUSIC
Which British singer is known for the song Slow Burn?,David Bowie,Elton John,Freddie Mercury,Mick Jagger,A,David Bowie sang Slow Burn.,UK MUSIC
Which British band released the album Reality?,David Bowie,Elton John,The Kinks,Queen,A,David Bowie released Reality.,UK MUSIC
Which British singer is known for the song The Next Day?,David Bowie,Elton John,Freddie Mercury,Mick Jagger,A,David Bowie sang The Next Day.,UK MUSIC
Which British band released the album Blackstar?,David Bowie,Elton John,The Kinks,Queen,A,David Bowie released Blackstar.,UK MUSIC
Which British singer is known for the song Lazarus?,David Bowie,Elton John,Freddie Mercury,Mick Jagger,A,David Bowie sang Lazarus.,UK MUSIC
Which British band released the album No Plan?,David Bowie,Elton John,The Kinks,Queen,A,David Bowie released No Plan.,UK MUSIC
Which British singer is known for the song I Can't Give Everything Away?,David Bowie,Elton John,Freddie Mercury,Mick Jagger,A,David Bowie sang it.,UK MUSIC
Which British band released the album The Width of a Circle?,David Bowie,Elton John,The Kinks,Queen,A,David Bowie released The Width of a Circle.,UK MUSIC
Which British singer is known for the song The Man Who Sold the World?,David Bowie,Elton John,Freddie Mercury,Mick Jagger,A,David Bowie sang it.,UK MUSIC
Which British band released the album Black Tie White Noise?,David Bowie,Elton John,The Kinks,Queen,A,David Bowie released it.,UK MUSIC
Which British singer is known for the song Jump They Say?,David Bowie,Elton John,Freddie Mercury,Mick Jagger,A,David Bowie sang Jump They Say.,UK MUSIC
Which British band released the album The Buddha of Suburbia?,David Bowie,Elton John,The Kinks,Queen,A,David Bowie released it.,UK MUSIC
Which British singer is known for the song Sunday?,David Bowie,Elton John,Freddie Mercury,Mick Jagger,A,David Bowie sang Sunday.,UK MUSIC
Which British band released the album Valentine's Day?,David Bowie,Elton John,The Kinks,Queen,A,David Bowie released it.,UK MUSIC
Which British singer is known for the song Valentine's Day?,David Bowie,Elton John,Freddie Mercury,Mick Jagger,A,David Bowie sang it.,UK MUSIC
Which British band released the album Where Are We Now?,David Bowie,Elton John,The Kinks,Queen,A,David Bowie released it.,UK MUSIC
Which British singer is known for the song Where Are We Now?,David Bowie,Elton John,Freddie Mercury,Mick Jagger,A,David Bowie sang it.,UK MUSIC
Which British band released the album The Next Day Extra?,David Bowie,Elton John,The Kinks,Queen,A,David Bowie released it.,UK MUSIC
Which British singer is known for the song Sue (Or in a Season of Crime)?,David Bowie,Elton John,Freddie Mercury,Mick Jagger,A,David Bowie sang it.,UK MUSIC
Which British band released the album Nothing Has Changed?,David Bowie,Elton John,The Kinks,Queen,A,David Bowie released it.,UK MUSIC
Which British singer is known for the song Dollar Days?,David Bowie,Elton John,Freddie Mercury,Mick Jagger,A,David Bowie sang Dollar Days.,UK MUSIC
Which British band released the album Changesbowie?,David Bowie,Elton John,The Kinks,Queen,A,David Bowie released it.,UK MUSIC
Which British singer is known for the song Absolute Beginners?,David Bowie,Elton John,Freddie Mercury,Mick Jagger,A,David Bowie sang it.,UK MUSIC
Which British band released the album The Singles Collection?,David Bowie,Elton John,The Kinks,Queen,A,David Bowie released it.,UK MUSIC
Which British singer is known for the song Loving the Alien?,David Bowie,Elton John,Freddie Mercury,Mick Jagger,A,David Bowie sang it.,UK MUSIC
Which British band released the album Dance?,David Bowie,Elton John,The Kinks,Queen,A,David Bowie released it.,UK MUSIC
Which British singer is known for the song This Is Not America?,David Bowie,Elton John,Freddie Mercury,Mick Jagger,A,David Bowie sang it.,UK MUSIC
Which British band released the album Glass Spider?,David Bowie,Elton John,The Kinks,Queen,A,David Bowie released it.,UK MUSIC
Which British singer is known for the song Never Let Me Down?,David Bowie,Elton John,Freddie Mercury,Mick Jagger,A,David Bowie sang it.,UK MUSIC
Which British band released the album Outside (1. Outside)?,David Bowie,Elton John,The Kinks,Queen,A,David Bowie released it.,UK MUSIC
Which British singer is known for the song I'm Afraid of Americans?,David Bowie,Elton John,Freddie Mercury,Mick Jagger,A,David Bowie sang it.,UK MUSIC
Which British singer is known for the song Dead Man Walking?,David Bowie,Elton John,Freddie Mercury,Mick Jagger,A,David Bowie sang it.,UK MUSIC
Which British band released the album Hours...?,David Bowie,Elton John,The Kinks,Queen,A,David Bowie released it.,UK MUSIC
Which British singer is known for the song Survive?,David Bowie,Elton John,Freddie Mercury,Mick Jagger,A,David Bowie sang Survive.,UK MUSIC
Which British singer is known for the song Everyone Says Hi?,David Bowie,Elton John,Freddie Mercury,Mick Jagger,A,David Bowie sang it.,UK MUSIC
Which British singer is known for the song New Killer Star?,David Bowie,Elton John,Freddie Mercury,Mick Jagger,A,David Bowie sang it.,UK MUSIC
Which British band released the album The Next Day?,David Bowie,Elton John,The Kinks,Queen,A,David Bowie released it.,UK MUSIC
Which British singer is known for the song Love Is Lost?,David Bowie,Elton John,Freddie Mercury,Mick Jagger,A,David Bowie sang it.,UK MUSIC
Which British band released the album Toy?,David Bowie,Elton John,The Kinks,Queen,A,David Bowie released it.,UK MUSIC
Which British singer is known for the song Conversation Piece?,David Bowie,Elton John,Freddie Mercury,Mick Jagger,A,David Bowie sang it.,UK MUSIC
Which British band released the album The Gouster?,David Bowie,Elton John,The Kinks,Queen,A,David Bowie released it.,UK MUSIC
Which British singer is known for the song Win?,David Bowie,Elton John,Freddie Mercury,Mick Jagger,A,David Bowie sang Win.,UK MUSIC
Which British singer is known for the song Wild Is the Wind?,David Bowie,Elton John,Freddie Mercury,Mick Jagger,A,David Bowie sang it.,UK MUSIC
Which British singer is known for the song Breaking Glass?,David Bowie,Elton John,Freddie Mercury,Mick Jagger,A,David Bowie sang it.,UK MUSIC
Which British singer is known for the song Beauty and the Beast?,David Bowie,Elton John,Freddie Mercury,Mick Jagger,A,David Bowie sang it.,UK MUSIC
Which British singer is known for the song African Night Flight?,David Bowie,Elton John,Freddie Mercury,Mick Jagger,A,David Bowie sang it.,UK MUSIC
Which British singer is known for the song Fashion?,David Bowie,Elton John,Freddie Mercury,Mick Jagger,A,David Bowie sang Fashion.,UK MUSIC
Which British singer is known for the song Time Will Crawl?,David Bowie,Elton John,Freddie Mercury,Mick Jagger,A,David Bowie sang it.,UK MUSIC
Which British singer is known for the song The Wedding Song?,David Bowie,Elton John,Freddie Mercury,Mick Jagger,A,David Bowie sang it.,UK MUSIC
Which British singer is known for the song Hearts Filthy Lesson?,David Bowie,Elton John,Freddie Mercury,Mick Jagger,A,David Bowie sang it.,UK MUSIC
Which British singer is known for the song Telling Lies?,David Bowie,Elton John,Freddie Mercury,Mick Jagger,A,David Bowie sang it.,UK MUSIC
Which British singer is known for the song The Pretty Things Are Going to Hell?,David Bowie,Elton John,Freddie Mercury,Mick Jagger,A,David Bowie sang it.,UK MUSIC
Which British singer is known for the song Slip Away?,David Bowie,Elton John,Freddie Mercury,Mick Jagger,A,David Bowie sang it.,UK MUSIC
Which British singer is known for the song Pablo Picasso?,David Bowie,Elton John,Freddie Mercury,Mick Jagger,A,David Bowie sang it.,UK MUSIC
Which British singer is known for the song The Stars (Are Out Tonight)?,David Bowie,Elton John,Freddie Mercury,Mick Jagger,A,David Bowie sang it.,UK MUSIC
Which British singer is known for the song 'Tis a Pity She Was a Whore?,David Bowie,Elton John,Freddie Mercury,Mick Jagger,A,David Bowie sang it.,UK MUSIC
Which British singer is known for the song Killing a Little Time?,David Bowie,Elton John,Freddie Mercury,Mick Jagger,A,David Bowie sang it.,UK MUSIC
Which British singer is known for the song You've Been Around?,David Bowie,Elton John,Freddie Mercury,Mick Jagger,A,David Bowie sang it.,UK MUSIC
Which British singer is known for the song It's Gonna Be Me?,David Bowie,Elton John,Freddie Mercury,Mick Jagger,A,David Bowie sang it.,UK MUSIC
Which British singer is known for the song Fascination?,David Bowie,Elton John,Freddie Mercury,Mick Jagger,A,David Bowie sang Fascination.,UK MUSIC
Which British singer is known for the song Stay?,David Bowie,Elton John,Freddie Mercury,Mick Jagger,A,David Bowie sang Stay.,UK MUSIC
Which British singer is known for the song Speed of Life?,David Bowie,Elton John,Freddie Mercury,Mick Jagger,A,David Bowie sang it.,UK MUSIC
Which British singer is known for the song Moss Garden?,David Bowie,Elton John,Freddie Mercury,Mick Jagger,A,David Bowie sang it.,UK MUSIC
Which British singer is known for the song Red Sails?,David Bowie,Elton John,Freddie Mercury,Mick Jagger,A,David Bowie sang it.,UK MUSIC
Which British singer is known for the song Because You're Young?,David Bowie,Elton John,Freddie Mercury,Mick Jagger,A,David Bowie sang it.,UK MUSIC
Which British singer is known for the song Without You?,David Bowie,Elton John,Freddie Mercury,Mick Jagger,A,David Bowie sang it.,UK MUSIC
Which British singer is known for the song Zeroes?,David Bowie,Elton John,Freddie Mercury,Mick Jagger,A,David Bowie sang Zeroes.,UK MUSIC
Which British singer is known for the song Miracle Goodnight?,David Bowie,Elton John,Freddie Mercury,Mick Jagger,A,David Bowie sang it.,UK MUSIC
Which British singer is known for the song Strangers When We Meet?,David Bowie,Elton John,Freddie Mercury,Mick Jagger,A,David Bowie sang it.,UK MUSIC
Which British singer is known for the song The Motel?,David Bowie,Elton John,Freddie Mercury,Mick Jagger,A,David Bowie sang it.,UK MUSIC
Which British singer is known for the song 5:15 The Angels Have Gone?,David Bowie,Elton John,Freddie Mercury,Mick Jagger,A,David Bowie sang it.,UK MUSIC
Which British singer is known for the song Bring Me the Disco King?,David Bowie,Elton John,Freddie Mercury,Mick Jagger,A,David Bowie sang it.,UK MUSIC
Which British singer is known for the song Shadow Man?,David Bowie,Elton John,Freddie Mercury,Mick Jagger,A,David Bowie sang it.,UK MUSIC
Which British singer is known for the song Right?,David Bowie,Elton John,Freddie Mercury,Mick Jagger,A,David Bowie sang it.,UK MUSIC
Which British singer is known for the song Somebody Up There Likes Me?,David Bowie,Elton John,Freddie Mercury,Mick Jagger,A,David Bowie sang it.,UK MUSIC
Which British singer is known for the song TVC15?,David Bowie,Elton John,Freddie Mercury,Mick Jagger,A,David Bowie sang TVC15.,UK MUSIC
Which British singer is known for the song Always Crashing in the Same Car?,David Bowie,Elton John,Freddie Mercury,Mick Jagger,A,David Bowie sang it.,UK MUSIC
Which British singer is known for the song Blackout?,David Bowie,Elton John,Freddie Mercury,Mick Jagger,A,David Bowie sang Blackout.,UK MUSIC
Which British singer is known for the song Fantastic Voyage?,David Bowie,Elton John,Freddie Mercury,Mick Jagger,A,David Bowie sang it.,UK MUSIC
Which British singer is known for the song Up the Hill Backwards?,David Bowie,Elton John,Freddie Mercury,Mick Jagger,A,David Bowie sang it.,UK MUSIC
Which British singer is known for the song Shake It?,David Bowie,Elton John,Freddie Mercury,Mick Jagger,A,David Bowie sang it.,UK MUSIC
Which British singer is known for the song Don't Look Down?,David Bowie,Elton John,Freddie Mercury,Mick Jagger,A,David Bowie sang it.,UK MUSIC
Which British singer is known for the song New York's in Love?,David Bowie,Elton John,Freddie Mercury,Mick Jagger,A,David Bowie sang it.,UK MUSIC
Which British singer is known for the song Looking for Lester?,David Bowie,Elton John,Freddie Mercury,Mick Jagger,A,David Bowie sang it.,UK MUSIC
Which British singer is known for the song Thru' These Architects Eyes?,David Bowie,Elton John,Freddie Mercury,Mick Jagger,A,David Bowie sang it.,UK MUSIC
Which British singer is known for the song Law (Earthlings on Fire)?,David Bowie,Elton John,Freddie Mercury,Mick Jagger,A,David Bowie sang it.,UK MUSIC
Which British singer is known for the song The Dreamers?,David Bowie,Elton John,Freddie Mercury,Mick Jagger,A,David Bowie sang it.,UK MUSIC
Which British singer is known for the song I Would Be Your Slave?,David Bowie,Elton John,Freddie Mercury,Mick Jagger,A,David Bowie sang it.,UK MUSIC
Which British singer is known for the song Never Get Old?,David Bowie,Elton John,Freddie Mercury,Mick Jagger,A,David Bowie sang it.,UK MUSIC
Which British singer is known for the song Dirty Boys?,David Bowie,Elton John,Freddie Mercury,Mick Jagger,A,David Bowie sang it.,UK MUSIC
Which British singer is known for the song Girl Loves Me?,David Bowie,Elton John,Freddie Mercury,Mick Jagger,A,David Bowie sang it.,UK MUSIC
Which British singer is known for the song King of the City?,David Bowie,Elton John,Freddie Mercury,Mick Jagger,A,David Bowie sang it.,UK MUSIC
Which British singer is known for the song Baby Loves That Way?,David Bowie,Elton John,Freddie Mercury,Mick Jagger,A,David Bowie sang it.,UK MUSIC
Which British singer is known for the song Who Can I Be Now?,David Bowie,Elton John,Freddie Mercury,Mick Jagger,A,David Bowie sang it.,UK MUSIC
Which British singer is known for the song Can You Hear Me?,David Bowie,Elton John,Freddie Mercury,Mick Jagger,A,David Bowie sang it.,UK MUSIC
Which British singer is known for the song A New Career in a New Town?,David Bowie,Elton John,Freddie Mercury,Mick Jagger,A,David Bowie sang it.,UK MUSIC
Which British singer is known for the song Sense of Doubt?,David Bowie,Elton John,Freddie Mercury,Mick Jagger,A,David Bowie sang it.,UK MUSIC
Which British singer is known for the song Move On?,David Bowie,Elton John,Freddie Mercury,Mick Jagger,A,David Bowie sang it.,UK MUSIC
Which British singer is known for the song Teenage Wildlife?,David Bowie,Elton John,Freddie Mercury,Mick Jagger,A,David Bowie sang it.,UK MUSIC
Which British singer is known for the song Cat People (Putting Out Fire)?,David Bowie,Elton John,Freddie Mercury,Mick Jagger,A,David Bowie sang it.,UK MUSIC
Which British singer is known for the song Tumble and Twirl?,David Bowie,Elton John,Freddie Mercury,Mick Jagger,A,David Bowie sang it.,UK MUSIC
Which British singer is known for the song I Have Not Been to Oxford Town?,David Bowie,Elton John,Freddie Mercury,Mick Jagger,A,David Bowie sang it.,UK MUSIC
Which British singer is known for the song Seven Days in May?,David Bowie,Elton John,Freddie Mercury,Mick Jagger,A,David Bowie sang it.,UK MUSIC
Which British singer is known for the song Afraid?,David Bowie,Elton John,Freddie Mercury,Mick Jagger,A,David Bowie sang Afraid.,UK MUSIC
Which British singer is known for the song Looking for Water?,David Bowie,Elton John,Freddie Mercury,Mick Jagger,A,David Bowie sang it.,UK MUSIC
Which British singer is known for the song How Does the Grass Grow?,David Bowie,Elton John,Freddie Mercury,Mick Jagger,A,David Bowie sang it.,UK MUSIC
Which British singer is known for the song When I Met You?,David Bowie,Elton John,Freddie Mercury,Mick Jagger,A,David Bowie sang it.,UK MUSIC
Which British singer is known for the song Hole in the Ground?,David Bowie,Elton John,Freddie Mercury,Mick Jagger,A,David Bowie sang it.,UK MUSIC
Which British singer is known for the song No One Calls?,David Bowie,Elton John,Freddie Mercury,Mick Jagger,A,David Bowie sang it.,UK MUSIC
Which British singer is known for the song The Secret Life of Arabia?,David Bowie,Elton John,Freddie Mercury,Mick Jagger,A,David Bowie sang it.,UK MUSIC
Which British singer is known for the song Scream Like a Baby?,David Bowie,Elton John,Freddie Mercury,Mick Jagger,A,David Bowie sang it.,UK MUSIC
Which British singer is known for the song Ricochet?,David Bowie,Elton John,Freddie Mercury,Mick Jagger,A,David Bowie sang it.,UK MUSIC
Which British singer is known for the song Neighborhood Threat?,David Bowie,Elton John,Freddie Mercury,Mick Jagger,A,David Bowie sang it.,UK MUSIC
Which British singer is known for the song Beat of Your Drum?,David Bowie,Elton John,Freddie Mercury,Mick Jagger,A,David Bowie sang it.,UK MUSIC
Which British singer is known for the song Pallas Athena?,David Bowie,Elton John,Freddie Mercury,Mick Jagger,A,David Bowie sang it.,UK MUSIC
Which British singer is known for the song A Small Plot of Land?,David Bowie,Elton John,Freddie Mercury,Mick Jagger,A,David Bowie sang it.,UK MUSIC
Which British singer is known for the song The Last Thing You Should Do?,David Bowie,Elton John,Freddie Mercury,Mick Jagger,A,David Bowie sang it.,UK MUSIC
Which British singer is known for the song Something in the Air?,David Bowie,Elton John,Freddie Mercury,Mick Jagger,A,David Bowie sang it.,UK MUSIC
Which British singer is known for the song The Loneliest Guy?,David Bowie,Elton John,Freddie Mercury,Mick Jagger,A,David Bowie sang it.,UK MUSIC
Which British singer is known for the song The Informer?,David Bowie,Elton John,Freddie Mercury,Mick Jagger,A,David Bowie sang it.,UK MUSIC
Which British singer is known for the song No Plan?,David Bowie,Elton John,Freddie Mercury,Mick Jagger,A,David Bowie sang it.,UK MUSIC
Which British singer is known for the song Karma Man?,David Bowie,Elton John,Freddie Mercury,Mick Jagger,A,David Bowie sang it.,UK MUSIC
Which British singer is known for the song Word on a Wing?,David Bowie,Elton John,Freddie Mercury,Mick Jagger,A,David Bowie sang it.,UK MUSIC
Which British singer is known for the song Art Decade?,David Bowie,Elton John,Freddie Mercury,Mick Jagger,A,David Bowie sang it.,UK MUSIC
Which British singer is known for the song V-2 Schneider?,David Bowie,Elton John,Freddie Mercury,Mick Jagger,A,David Bowie sang it.,UK MUSIC
Which British singer is known for the song Repetition?,David Bowie,Elton John,Freddie Mercury,Mick Jagger,A,David Bowie sang it.,UK MUSIC
Which British singer is known for the song It's No Game?,David Bowie,Elton John,Freddie Mercury,Mick Jagger,A,David Bowie sang it.,UK MUSIC
Which British singer is known for the song Criminal World?,David Bowie,Elton John,Freddie Mercury,Mick Jagger,A,David Bowie sang it.,UK MUSIC
Which British singer is known for the song God Only Knows?,David Bowie,Elton John,Freddie Mercury,Mick Jagger,A,David Bowie sang it.,UK MUSIC
Which British singer is known for the song 87 and Cry?,David Bowie,Elton John,Freddie Mercury,Mick Jagger,A,David Bowie sang it.,UK MUSIC
Which British singer is known for the song Nite Flights?,David Bowie,Elton John,Freddie Mercury,Mick Jagger,A,David Bowie sang it.,UK MUSIC
Which British singer is known for the song Leon Takes Us Outside?,David Bowie,Elton John,Freddie Mercury,Mick Jagger,A,David Bowie sang it.,UK MUSIC
Which British singer is known for the song Battle for Britain (The Letter)?,David Bowie,Elton John,Freddie Mercury,Mick Jagger,A,David Bowie sang it.,UK MUSIC
Which British singer is known for the song If I'm Dreaming My Life?,David Bowie,Elton John,Freddie Mercury,Mick Jagger,A,David Bowie sang it.,UK MUSIC
Which British singer is known for the song She'll Drive the Big Car?,David Bowie,Elton John,Freddie Mercury,Mick Jagger,A,David Bowie sang it.,UK MUSIC
Which British singer is known for the song (You Will) Set the World on Fire?,David Bowie,Elton John,Freddie Mercury,Mick Jagger,A,David Bowie sang it.,UK MUSIC
Which British singer is known for the song Blaze?,David Bowie,Elton John,Freddie Mercury,Mick Jagger,A,David Bowie sang it.,UK MUSIC
Which British singer is known for the song After Today?,David Bowie,Elton John,Freddie Mercury,Mick Jagger,A,David Bowie sang it.,UK MUSIC
Which British singer is known for the song Warszawa?,David Bowie,Elton John,Freddie Mercury,Mick Jagger,A,David Bowie sang it.,UK MUSIC
Which British singer is known for the song Kingdom Come?,David Bowie,Elton John,Freddie Mercury,Mick Jagger,A,David Bowie sang it.,UK MUSIC
Which British singer is known for the song Let's Dance?,David Bowie,Elton John,Freddie Mercury,Mick Jagger,A,David Bowie sang Let's Dance.,UK MUSIC
Which British singer is known for the song Tonight?,David Bowie,Elton John,Freddie Mercury,Mick Jagger,A,David Bowie sang Tonight.,UK MUSIC
Which British singer is known for the song Black Tie White Noise?,David Bowie,Elton John,Freddie Mercury,Mick Jagger,A,David Bowie sang it.,UK MUSIC
Which British singer is known for the song Outside?,David Bowie,Elton John,Freddie Mercury,Mick Jagger,A,David Bowie sang it.,UK MUSIC
Which British singer is known for the song Earthling?,David Bowie,Elton John,Freddie Mercury,Mick Jagger,A,David Bowie sang it.,UK MUSIC
Which British singer is known for the song Hours?,David Bowie,Elton John,Freddie Mercury,Mick Jagger,A,David Bowie sang it.,UK MUSIC
Which British singer is known for the song Heathen?,David Bowie,Elton John,Freddie Mercury,Mick Jagger,A,David Bowie sang it.,UK MUSIC
Which British singer is known for the song Reality?,David Bowie,Elton John,Freddie Mercury,Mick Jagger,A,David Bowie sang it.,UK MUSIC
Which British singer is known for the song Blackstar?,David Bowie,Elton John,Freddie Mercury,Mick Jagger,A,David Bowie sang it.,UK MUSIC
Which British singer is known for the song Toy (Your Turn to Drive)?,David Bowie,Elton John,Freddie Mercury,Mick Jagger,A,David Bowie sang it.,UK MUSIC
Which British singer is known for the song Gouster?,David Bowie,Elton John,Freddie Mercury,Mick Jagger,A,David Bowie sang it.,UK MUSIC
Which British singer is known for the song Young Americans?,David Bowie,Elton John,Freddie Mercury,Mick Jagger,A,David Bowie sang it.,UK MUSIC
Which British singer is known for the song Station to Station?,David Bowie,Elton John,Freddie Mercury,Mick Jagger,A,David Bowie sang it.,UK MUSIC
Which British singer is known for the song Low?,David Bowie,Elton John,Freddie Mercury,Mick Jagger,A,David Bowie sang it.,UK MUSIC
"Which British singer is known for the song Heroes""?""",David Bowie,Elton John,Freddie Mercury,Mick Jagger,A,David Bowie sang it.,UK MUSIC
Which British singer is known for the song Lodger?,David Bowie,Elton John,Freddie Mercury,Mick Jagger,A,David Bowie sang it.,UK MUSIC
Which British singer is known for the song Scary Monsters (And Super Creeps)?,David Bowie,Elton John,Freddie Mercury,Mick Jagger,A,David Bowie sang it.,UK MUSIC
